config_name,train_seed,group,checkpoint_step,mean_success_rate,mean_avg_return,mean_first_success_step,n_runs,mean_success_rate_smooth,mean_avg_return_smooth,mean_first_success_step_smooth
config_A,11,test,50000,0.0,13.074690535488731,,5,0.0,13.074690535488731,
config_A,11,test,100000,0.0,14.723996034288712,,5,0.0,14.723996034288712,
config_A,11,test,150000,0.0,40.318122512701336,,5,0.0,40.318122512701336,
config_A,11,test,200000,0.0,25.03893322661392,,5,0.0,25.03893322661392,
config_A,11,test,250000,0.0,30.5246417639324,,5,0.0,30.5246417639324,
config_A,11,test,300000,0.0,54.565858344445644,,5,0.0,54.565858344445644,
config_A,11,test,350000,0.0,46.82096165731057,,5,0.0,46.82096165731057,
config_A,11,test,400000,0.0,47.42860481761816,,5,0.0,47.42860481761816,
config_A,11,test,450000,0.0,69.2789014714122,,5,0.0,69.2789014714122,
config_A,11,test,500000,0.0,85.9266246438244,,5,0.0,85.9266246438244,
config_A,11,test,550000,0.0,45.90072862955242,,5,0.0,45.90072862955242,
config_A,11,test,600000,0.0,72.31761093544377,,5,0.0,72.31761093544377,
config_A,11,test,650000,0.0,103.88419287262187,,5,0.0,103.88419287262187,
config_A,11,test,700000,0.0,191.6392994849627,,5,0.0,191.6392994849627,
config_A,11,test,750000,0.0,203.87707801452288,,5,0.0,203.87707801452288,
config_A,11,test,800000,0.0,149.16999602684535,,5,0.0,149.16999602684535,
config_A,11,test,850000,0.0,233.10507008224099,,5,0.0,233.10507008224099,
config_A,11,test,900000,0.0,60.87992152202399,,5,0.0,60.87992152202399,
config_A,11,test,950000,0.0,54.308780461469325,,5,0.0,54.308780461469325,
config_A,11,test,1000000,0.0,1139.2069306069636,,5,0.0,1139.2069306069636,
config_A,11,test,1050000,0.0,998.4081581648243,,5,0.0,998.4081581648243,
config_A,11,test,1100000,0.04,841.5822988124739,77.0,5,0.04,841.5822988124739,77.0
config_A,11,test,1150000,0.12000000000000002,915.5921320419087,156.25,5,0.12000000000000002,915.5921320419087,156.25
config_A,11,test,1200000,0.16,1207.7114741934822,118.0,5,0.16,1207.7114741934822,118.0
config_A,11,test,1250000,0.2,1187.029083746213,138.91666666666666,5,0.2,1187.029083746213,138.91666666666666
config_A,11,test,1300000,0.32,1075.864806975817,208.86666666666667,5,0.32,1075.864806975817,208.86666666666667
config_A,11,test,1350000,0.32,868.3796046850366,74.44444444444444,5,0.32,868.3796046850366,74.44444444444444
config_A,11,test,1400000,0.32,1031.7172910407464,86.43333333333334,5,0.32,1031.7172910407464,86.43333333333334
config_A,11,test,1450000,0.4,720.9367332626933,141.9375,5,0.4,720.9367332626933,141.9375
config_A,11,test,1500000,0.52,466.05023598117566,95.89583333333333,5,0.52,466.05023598117566,95.89583333333333
config_A,11,test,1550000,0.72,594.3768528261874,106.85,5,0.72,594.3768528261874,106.85
config_A,11,test,1600000,0.36,685.968804343491,96.41666666666667,5,0.36,685.968804343491,96.41666666666667
config_A,11,test,1650000,0.5599999999999999,621.0459704524503,104.64999999999999,5,0.5599999999999999,621.0459704524503,104.64999999999999
config_A,11,test,1700000,0.48,933.2137046517371,111.41111111111111,5,0.48,933.2137046517371,111.41111111111111
config_A,11,test,1750000,0.6,602.5649794281508,85.05,5,0.6,602.5649794281508,85.05
config_A,11,test,1800000,0.6,693.4164464626958,85.275,5,0.6,693.4164464626958,85.275
config_A,11,test,1850000,0.64,447.21852158165194,73.78333333333333,5,0.64,447.21852158165194,73.78333333333333
config_A,11,test,1900000,0.6,564.5870054249137,74.78333333333333,5,0.6,564.5870054249137,74.78333333333333
config_A,11,test,1950000,0.6799999999999999,573.5086587989576,100.77916666666667,5,0.6799999999999999,573.5086587989576,100.77916666666667
config_A,11,test,2000000,0.68,505.2312839254415,87.375,5,0.68,505.2312839254415,87.375
config_A,11,test,2050000,0.6,579.6044376451536,94.875,5,0.6,579.6044376451536,94.875
config_A,11,test,2100000,0.5599999999999999,641.2803181707029,83.3125,5,0.5599999999999999,641.2803181707029,83.3125
config_A,11,test,2150000,0.6,573.2656359452317,72.55,5,0.6,573.2656359452317,72.55
config_A,11,test,2200000,0.6,448.0102331678985,80.54166666666667,5,0.6,448.0102331678985,80.54166666666667
config_A,11,test,2250000,0.68,503.61047113782905,82.9625,5,0.68,503.61047113782905,82.9625
config_A,11,test,2300000,0.5599999999999999,684.5717576200193,73.65,5,0.5599999999999999,684.5717576200193,73.65
config_A,11,test,2350000,0.5599999999999999,652.1325293388603,74.85,5,0.5599999999999999,652.1325293388603,74.85
config_A,11,test,2400000,0.72,373.3263746505422,79.7125,5,0.72,373.3263746505422,79.7125
config_A,11,test,2450000,0.5599999999999999,505.693267764515,68.06666666666666,5,0.5599999999999999,505.693267764515,68.06666666666666
config_A,11,test,2500000,0.6799999999999999,566.0307747495096,90.35,5,0.6799999999999999,566.0307747495096,90.35
config_A,11,train,50000,0.0,17.93136470747103,,5,0.0,17.93136470747103,
config_A,11,train,100000,0.0,23.938098173347395,,5,0.0,23.938098173347395,
config_A,11,train,150000,0.0,36.47700227047733,,5,0.0,36.47700227047733,
config_A,11,train,200000,0.0,52.41550928298018,,5,0.0,52.41550928298018,
config_A,11,train,250000,0.0,42.56123600890475,,5,0.0,42.56123600890475,
config_A,11,train,300000,0.0,37.37661563853002,,5,0.0,37.37661563853002,
config_A,11,train,350000,0.0,47.26211551326073,,5,0.0,47.26211551326073,
config_A,11,train,400000,0.0,50.02611440529961,,5,0.0,50.02611440529961,
config_A,11,train,450000,0.0,65.60800052586049,,5,0.0,65.60800052586049,
config_A,11,train,500000,0.0,107.93394666278668,,5,0.0,107.93394666278668,
config_A,11,train,550000,0.0,61.60787900564503,,5,0.0,61.60787900564503,
config_A,11,train,600000,0.0,72.12840150127168,,5,0.0,72.12840150127168,
config_A,11,train,650000,0.0,97.6075625472719,,5,0.0,97.6075625472719,
config_A,11,train,700000,0.0,101.95138648731407,,5,0.0,101.95138648731407,
config_A,11,train,750000,0.0,128.2489543657709,,5,0.0,128.2489543657709,
config_A,11,train,800000,0.0,168.0572333599736,,5,0.0,168.0572333599736,
config_A,11,train,850000,0.0,169.1393079228303,,5,0.0,169.1393079228303,
config_A,11,train,900000,0.0,96.63478268047406,,5,0.0,96.63478268047406,
config_A,11,train,950000,0.0,101.04241961839973,,5,0.0,101.04241961839973,
config_A,11,train,1000000,0.00888888888888888,1141.6480132677978,129.0,5,0.00888888888888888,1141.6480132677978,129.0
config_A,11,train,1050000,0.03999999999999998,1074.4238240003006,166.27777777777777,5,0.03999999999999998,1074.4238240003006,166.27777777777777
config_A,11,train,1100000,0.09777777777777777,1074.0151751256376,175.5625,5,0.09777777777777777,1074.0151751256376,175.5625
config_A,11,train,1150000,0.15555555555555553,982.6582565375905,153.61923583662713,5,0.15555555555555553,982.6582565375905,153.61923583662713
config_A,11,train,1200000,0.2,1208.9977513386186,140.76666666666665,5,0.2,1208.9977513386186,140.76666666666665
config_A,11,train,1250000,0.24888888888888888,1079.5804845410898,185.416317016317,5,0.24888888888888888,1079.5804845410898,185.416317016317
config_A,11,train,1300000,0.3466666666666666,1000.8961334004623,211.71274131274131,5,0.3466666666666666,1000.8961334004623,211.71274131274131
config_A,11,train,1350000,0.4,892.6410972134975,123.84510647010647,5,0.4,892.6410972134975,123.84510647010647
config_A,11,train,1400000,0.43999999999999995,839.0831632493906,115.91210091991343,5,0.43999999999999995,839.0831632493906,115.91210091991343
config_A,11,train,1450000,0.4666666666666667,773.7632592223358,145.38298928223958,5,0.4666666666666667,773.7632592223358,145.38298928223958
config_A,11,train,1500000,0.5466666666666666,758.9807139603406,107.37678890876565,5,0.5466666666666666,758.9807139603406,107.37678890876565
config_A,11,train,1550000,0.5777777777777777,757.3216512319048,107.62597818847819,5,0.5777777777777777,757.3216512319048,107.62597818847819
config_A,11,train,1600000,0.48,676.4406245743345,115.43684210526317,5,0.48,676.4406245743345,115.43684210526317
config_A,11,train,1650000,0.5333333333333333,811.2454797015043,102.09813186813187,5,0.5333333333333333,811.2454797015043,102.09813186813187
config_A,11,train,1700000,0.5555555555555556,713.0185476086531,96.88429845008793,5,0.5555555555555556,713.0185476086531,96.88429845008793
config_A,11,train,1750000,0.5466666666666666,607.2817717392041,91.32482638888888,5,0.5466666666666666,607.2817717392041,91.32482638888888
config_A,11,train,1800000,0.5644444444444444,651.714191844592,87.50823211875843,5,0.5644444444444444,651.714191844592,87.50823211875843
config_A,11,train,1850000,0.6177777777777778,479.3561973690301,83.00263710474309,5,0.6177777777777778,479.3561973690301,83.00263710474309
config_A,11,train,1900000,0.6133333333333333,575.6231848532418,82.1093540080609,5,0.6133333333333333,575.6231848532418,82.1093540080609
config_A,11,train,1950000,0.6755555555555556,385.75726047287105,82.83358650013918,5,0.6755555555555556,385.75726047287105,82.83358650013918
config_A,11,train,2000000,0.6977777777777778,559.019963146016,88.3242706992707,5,0.6977777777777778,559.019963146016,88.3242706992707
config_A,11,train,2050000,0.6933333333333334,429.97811868323595,87.79152104670398,5,0.6933333333333334,429.97811868323595,87.79152104670398
config_A,11,train,2100000,0.6977777777777778,418.0583299218474,86.94345238095238,5,0.6977777777777778,418.0583299218474,86.94345238095238
config_A,11,train,2150000,0.72,479.00266149011685,79.28612726098191,5,0.72,479.00266149011685,79.28612726098191
config_A,11,train,2200000,0.6622222222222222,420.55834371624996,78.3461362663866,5,0.6622222222222222,420.55834371624996,78.3461362663866
config_A,11,train,2250000,0.6933333333333334,423.954304078309,76.93838848860369,5,0.6933333333333334,423.954304078309,76.93838848860369
config_A,11,train,2300000,0.6444444444444445,530.0468028201733,79.7815224853177,5,0.6444444444444445,530.0468028201733,79.7815224853177
config_A,11,train,2350000,0.6044444444444445,660.031704030552,79.68666536381996,5,0.6044444444444445,660.031704030552,79.68666536381996
config_A,11,train,2400000,0.711111111111111,420.6781033348073,75.51202749209175,5,0.711111111111111,420.6781033348073,75.51202749209175
config_A,11,train,2450000,0.7066666666666667,405.57296339081466,79.09235227491807,5,0.7066666666666667,405.57296339081466,79.09235227491807
config_A,11,train,2500000,0.7155555555555555,441.1208141480165,75.07869145440881,5,0.7155555555555555,441.1208141480165,75.07869145440881
config_B,11,test,50000,0.0,21.3137339875107,,5,0.0,21.3137339875107,
config_B,11,test,100000,0.0,20.019425177103802,,5,0.0,20.019425177103802,
config_B,11,test,150000,0.0,21.242481443282045,,5,0.0,21.242481443282045,
config_B,11,test,200000,0.0,29.161547810040645,,5,0.0,29.161547810040645,
config_B,11,test,250000,0.0,29.498983661535654,,5,0.0,29.498983661535654,
config_B,11,test,300000,0.0,26.865797727486818,,5,0.0,26.865797727486818,
config_B,11,test,350000,0.0,58.70087093729812,,5,0.0,58.70087093729812,
config_B,11,test,400000,0.0,33.93895011955438,,5,0.0,33.93895011955438,
config_B,11,test,450000,0.0,28.90523778334869,,5,0.0,28.90523778334869,
config_B,11,test,500000,0.0,65.84363714000622,,5,0.0,65.84363714000622,
config_B,11,test,550000,0.0,32.92576725266993,,5,0.0,32.92576725266993,
config_B,11,test,600000,0.0,36.74475773008396,,5,0.0,36.74475773008396,
config_B,11,test,650000,0.0,112.7493877452875,,5,0.0,112.7493877452875,
config_B,11,test,700000,0.0,96.76548794985055,,5,0.0,96.76548794985055,
config_B,11,test,750000,0.0,120.7150926898361,,5,0.0,120.7150926898361,
config_B,11,test,800000,0.0,116.06843115952242,,5,0.0,116.06843115952242,
config_B,11,test,850000,0.0,175.21894836519814,,5,0.0,175.21894836519814,
config_B,11,test,900000,0.0,228.78326549983808,,5,0.0,228.78326549983808,
config_B,11,test,950000,0.0,147.92265776629387,,5,0.0,147.92265776629387,
config_B,11,test,1000000,0.0,539.0396522001458,,5,0.0,539.0396522001458,
config_B,11,test,1050000,0.0,534.4007362950924,,5,0.0,534.4007362950924,
config_B,11,test,1100000,0.04,858.3181865702427,70.0,5,0.04,858.3181865702427,70.0
config_B,11,test,1150000,0.08,600.4277018371631,75.5,5,0.08,600.4277018371631,75.5
config_B,11,test,1200000,0.08,775.8701100900034,82.0,5,0.08,775.8701100900034,82.0
config_B,11,test,1250000,0.08,840.0607638487036,64.0,5,0.08,840.0607638487036,64.0
config_B,11,test,1300000,0.12,683.524683992598,78.33333333333333,5,0.12,683.524683992598,78.33333333333333
config_B,11,test,1350000,0.08,889.7157425216258,72.5,5,0.08,889.7157425216258,72.5
config_B,11,test,1400000,0.08,904.0031184938729,74.0,5,0.08,904.0031184938729,74.0
config_B,11,test,1450000,0.16,696.0743698662228,74.25,5,0.16,696.0743698662228,74.25
config_B,11,test,1500000,0.12,645.5431813521075,86.0,5,0.12,645.5431813521075,86.0
config_B,11,test,1550000,0.2,684.3133890113332,75.0,5,0.2,684.3133890113332,75.0
config_B,11,test,1600000,0.2,796.0839262349775,62.2,5,0.2,796.0839262349775,62.2
config_B,11,test,1650000,0.2,736.3685261556344,64.8,5,0.2,736.3685261556344,64.8
config_B,11,test,1700000,0.2,573.6111843111042,70.8,5,0.2,573.6111843111042,70.8
config_B,11,test,1750000,0.16,976.4200178723149,90.5,5,0.16,976.4200178723149,90.5
config_B,11,test,1800000,0.24,772.404122727078,145.33333333333334,5,0.24,772.404122727078,145.33333333333334
config_B,11,test,1850000,0.32,713.6848425051415,64.43333333333334,5,0.32,713.6848425051415,64.43333333333334
config_B,11,test,1900000,0.4,495.24503342683573,100.08333333333333,5,0.4,495.24503342683573,100.08333333333333
config_B,11,test,1950000,0.44000000000000006,460.96978974648357,85.78333333333335,5,0.44000000000000006,460.96978974648357,85.78333333333335
config_B,11,test,2000000,0.4,435.9990578255154,65.76666666666667,5,0.4,435.9990578255154,65.76666666666667
config_B,11,test,2050000,0.44000000000000006,411.74847023223845,78.86666666666666,5,0.44000000000000006,411.74847023223845,78.86666666666666
config_B,11,test,2100000,0.4,424.5414626779266,73.25,5,0.4,424.5414626779266,73.25
config_B,11,test,2150000,0.44000000000000006,642.0381853356163,65.31111111111112,5,0.44000000000000006,642.0381853356163,65.31111111111112
config_B,11,test,2200000,0.52,546.0427762694346,61.91111111111112,5,0.52,546.0427762694346,61.91111111111112
config_B,11,test,2250000,0.5599999999999999,485.03424274495666,61.550000000000004,5,0.5599999999999999,485.03424274495666,61.550000000000004
config_B,11,test,2300000,0.5599999999999999,461.2237669632317,63.300000000000004,5,0.5599999999999999,461.2237669632317,63.300000000000004
config_B,11,test,2350000,0.5599999999999999,579.7152974800522,92.64999999999999,5,0.5599999999999999,579.7152974800522,92.64999999999999
config_B,11,test,2400000,0.44000000000000006,710.606146744433,66.0,5,0.44000000000000006,710.606146744433,66.0
config_B,11,test,2450000,0.4800000000000001,653.2744735185133,81.13333333333334,5,0.4800000000000001,653.2744735185133,81.13333333333334
config_B,11,test,2500000,0.52,507.90473909431637,64.26666666666667,5,0.52,507.90473909431637,64.26666666666667
config_B,11,train,50000,0.0,18.092549497708,,5,0.0,18.092549497708,
config_B,11,train,100000,0.0,23.136647273740486,,5,0.0,23.136647273740486,
config_B,11,train,150000,0.0,26.875913965721924,,5,0.0,26.875913965721924,
config_B,11,train,200000,0.0,31.817788913143993,,5,0.0,31.817788913143993,
config_B,11,train,250000,0.0,36.35483432233797,,5,0.0,36.35483432233797,
config_B,11,train,300000,0.0,30.800282107813103,,5,0.0,30.800282107813103,
config_B,11,train,350000,0.0,42.06803373515279,,5,0.0,42.06803373515279,
config_B,11,train,400000,0.0,43.196038980281344,,5,0.0,43.196038980281344,
config_B,11,train,450000,0.0,37.92266017091932,,5,0.0,37.92266017091932,
config_B,11,train,500000,0.0,51.03246692823654,,5,0.0,51.03246692823654,
config_B,11,train,550000,0.0,60.05090160743837,,5,0.0,60.05090160743837,
config_B,11,train,600000,0.0,82.08585454983572,,5,0.0,82.08585454983572,
config_B,11,train,650000,0.0,113.89545074911568,,5,0.0,113.89545074911568,
config_B,11,train,700000,0.0,121.50752561826963,,5,0.0,121.50752561826963,
config_B,11,train,750000,0.0,183.62893793077973,,5,0.0,183.62893793077973,
config_B,11,train,800000,0.0,190.07864023683896,,5,0.0,190.07864023683896,
config_B,11,train,850000,0.0,198.83536209380014,,5,0.0,198.83536209380014,
config_B,11,train,900000,0.0,237.7475390461591,,5,0.0,237.7475390461591,
config_B,11,train,950000,0.0,209.138900301992,,5,0.0,209.138900301992,
config_B,11,train,1000000,0.0,709.7876487391616,,5,0.0,709.7876487391616,
config_B,11,train,1050000,0.013333333333333319,718.3505443254841,190.0,5,0.013333333333333319,718.3505443254841,190.0
config_B,11,train,1100000,0.03555555555555554,757.1216973905808,163.08333333333331,5,0.03555555555555554,757.1216973905808,163.08333333333331
config_B,11,train,1150000,0.06222222222222222,681.66790092937,82.85714285714286,5,0.06222222222222222,681.66790092937,82.85714285714286
config_B,11,train,1200000,0.08444444444444445,799.4173603896287,139.13888888888889,5,0.08444444444444445,799.4173603896287,139.13888888888889
config_B,11,train,1250000,0.08888888888888888,855.4911709576503,73.95,5,0.08888888888888888,855.4911709576503,73.95
config_B,11,train,1300000,0.12,814.2521247889359,83.18518518518519,5,0.12,814.2521247889359,83.18518518518519
config_B,11,train,1350000,0.13333333333333333,886.1173805170101,147.85714285714286,5,0.13333333333333333,886.1173805170101,147.85714285714286
config_B,11,train,1400000,0.11555555555555555,963.8132590962717,74.62,5,0.11555555555555555,963.8132590962717,74.62
config_B,11,train,1450000,0.14222222222222222,786.0787135816048,73.25,5,0.14222222222222222,786.0787135816048,73.25
config_B,11,train,1500000,0.14222222222222222,897.5075640399722,88.65625,5,0.14222222222222222,897.5075640399722,88.65625
config_B,11,train,1550000,0.1688888888888889,941.0850368672598,81.3157894736842,5,0.1688888888888889,941.0850368672598,81.3157894736842
config_B,11,train,1600000,0.19111111111111106,857.7797677910241,87.23809523809524,5,0.19111111111111106,857.7797677910241,87.23809523809524
config_B,11,train,1650000,0.19555555555555554,895.8433605578178,79.40697674418604,5,0.19555555555555554,895.8433605578178,79.40697674418604
config_B,11,train,1700000,0.19111111111111112,949.2288906190877,69.6046511627907,5,0.19111111111111112,949.2288906190877,69.6046511627907
config_B,11,train,1750000,0.15555555555555553,1163.0952064415274,127.10294117647058,5,0.15555555555555553,1163.0952064415274,127.10294117647058
config_B,11,train,1800000,0.1911111111111111,1140.901612487365,128.14285714285714,5,0.1911111111111111,1140.901612487365,128.14285714285714
config_B,11,train,1850000,0.3466666666666666,760.0803633290864,72.66914682539682,5,0.3466666666666666,760.0803633290864,72.66914682539682
config_B,11,train,1900000,0.3333333333333333,681.2750119965915,68.1997311827957,5,0.3333333333333333,681.2750119965915,68.1997311827957
config_B,11,train,1950000,0.36444444444444446,708.7616400745779,66.27260981912144,5,0.36444444444444446,708.7616400745779,66.27260981912144
config_B,11,train,2000000,0.4133333333333333,651.6061855431844,96.36616161616162,5,0.4133333333333333,651.6061855431844,96.36616161616162
config_B,11,train,2050000,0.4311111111111111,574.7303577656857,70.54603174603174,5,0.4311111111111111,574.7303577656857,70.54603174603174
config_B,11,train,2100000,0.42666666666666664,647.1543702674364,70.15219867851447,5,0.42666666666666664,647.1543702674364,70.15219867851447
config_B,11,train,2150000,0.46222222222222226,684.3029826205235,65.60894702842377,5,0.46222222222222226,684.3029826205235,65.60894702842377
config_B,11,train,2200000,0.49333333333333335,640.6084447020312,61.11640211640212,5,0.49333333333333335,640.6084447020312,61.11640211640212
config_B,11,train,2250000,0.5155555555555555,657.2683873212438,62.3020202020202,5,0.5155555555555555,657.2683873212438,62.3020202020202
config_B,11,train,2300000,0.5244444444444445,660.3148091102755,65.6037037037037,5,0.5244444444444445,660.3148091102755,65.6037037037037
config_B,11,train,2350000,0.52,714.6710249648598,77.62962962962963,5,0.52,714.6710249648598,77.62962962962963
config_B,11,train,2400000,0.52,657.5507271638198,68.90123456790123,5,0.52,657.5507271638198,68.90123456790123
config_B,11,train,2450000,0.4666666666666666,839.7264726492922,65.51679292929293,5,0.4666666666666666,839.7264726492922,65.51679292929293
config_B,11,train,2500000,0.5288888888888889,655.2000000045839,61.694252873563215,5,0.5288888888888889,655.2000000045839,61.694252873563215
config_C,11,test,50000,0.0,17.05764202674087,,5,0.0,17.05764202674087,
config_C,11,test,100000,0.0,17.011217495769408,,5,0.0,17.011217495769408,
config_C,11,test,150000,0.0,27.373517955631304,,5,0.0,27.373517955631304,
config_C,11,test,200000,0.0,53.42852668261732,,5,0.0,53.42852668261732,
config_C,11,test,250000,0.0,21.892594735433608,,5,0.0,21.892594735433608,
config_C,11,test,300000,0.0,50.976380445133074,,5,0.0,50.976380445133074,
config_C,11,test,350000,0.0,99.89441765913796,,5,0.0,99.89441765913796,
config_C,11,test,400000,0.0,17.222999206700713,,5,0.0,17.222999206700713,
config_C,11,test,450000,0.0,20.669332443062814,,5,0.0,20.669332443062814,
config_C,11,test,500000,0.0,14.745279526368112,,5,0.0,14.745279526368112,
config_C,11,test,550000,0.0,54.30388076269384,,5,0.0,54.30388076269384,
config_C,11,test,600000,0.0,141.21106864687917,,5,0.0,141.21106864687917,
config_C,11,test,650000,0.0,51.93454554331139,,5,0.0,51.93454554331139,
config_C,11,test,700000,0.0,49.099826620776746,,5,0.0,49.099826620776746,
config_C,11,test,750000,0.0,12.352760082925492,,5,0.0,12.352760082925492,
config_C,11,test,800000,0.0,111.52730595730903,,5,0.0,111.52730595730903,
config_C,11,test,850000,0.0,104.95872419825805,,5,0.0,104.95872419825805,
config_C,11,test,900000,0.0,52.67298959040505,,5,0.0,52.67298959040505,
config_C,11,test,950000,0.0,102.6237404187256,,5,0.0,102.6237404187256,
config_C,11,test,1000000,0.0,136.09438078879086,,5,0.0,136.09438078879086,
config_C,11,test,1050000,0.0,175.80287811552117,,5,0.0,175.80287811552117,
config_C,11,test,1100000,0.0,36.82500354073891,,5,0.0,36.82500354073891,
config_C,11,test,1150000,0.0,118.03676111694358,,5,0.0,118.03676111694358,
config_C,11,test,1200000,0.0,162.1009639403694,,5,0.0,162.1009639403694,
config_C,11,test,1250000,0.0,270.95995328616914,,5,0.0,270.95995328616914,
config_C,11,test,1300000,0.0,243.1540439317941,,5,0.0,243.1540439317941,
config_C,11,test,1350000,0.0,245.6851349322895,,5,0.0,245.6851349322895,
config_C,11,test,1400000,0.0,105.31412170595308,,5,0.0,105.31412170595308,
config_C,11,test,1450000,0.04,279.71246834005575,291.0,5,0.04,279.71246834005575,291.0
config_C,11,test,1500000,0.0,354.5037713431882,,5,0.0,354.5037713431882,
config_C,11,test,1550000,0.0,321.1312583412754,,5,0.0,321.1312583412754,
config_C,11,test,1600000,0.0,268.8631419148583,,5,0.0,268.8631419148583,
config_C,11,test,1650000,0.04,300.2971780626246,92.0,5,0.04,300.2971780626246,92.0
config_C,11,test,1700000,0.04,394.11423735061584,87.0,5,0.04,394.11423735061584,87.0
config_C,11,test,1750000,0.04,489.3547394458361,180.0,5,0.04,489.3547394458361,180.0
config_C,11,test,1800000,0.08,371.8822599075042,137.5,5,0.08,371.8822599075042,137.5
config_C,11,test,1850000,0.16,275.74949774167254,174.5,5,0.16,275.74949774167254,174.5
config_C,11,test,1900000,0.12,270.69721181644763,77.66666666666667,5,0.12,270.69721181644763,77.66666666666667
config_C,11,test,1950000,0.16,407.1710868491276,96.5,5,0.16,407.1710868491276,96.5
config_C,11,test,2000000,0.24,484.50670279908263,74.3,5,0.24,484.50670279908263,74.3
config_C,11,test,2050000,0.16,413.94096123778866,75.5,5,0.16,413.94096123778866,75.5
config_C,11,test,2100000,0.16,546.1177990071602,76.75,5,0.16,546.1177990071602,76.75
config_C,11,test,2150000,0.16,464.74552398825324,106.0,5,0.16,464.74552398825324,106.0
config_C,11,test,2200000,0.12,431.9897805167273,108.33333333333331,5,0.12,431.9897805167273,108.33333333333331
config_C,11,test,2250000,0.08,320.1909487962403,97.5,5,0.08,320.1909487962403,97.5
config_C,11,test,2300000,0.0,290.51702206291657,,5,0.0,290.51702206291657,
config_C,11,test,2350000,0.04,148.60836809471485,62.0,5,0.04,148.60836809471485,62.0
config_C,11,test,2400000,0.0,409.0367185899981,,5,0.0,409.0367185899981,
config_C,11,test,2450000,0.08,211.75886116841266,80.5,5,0.08,211.75886116841266,80.5
config_C,11,test,2500000,0.12,122.86821579225776,95.66666666666669,5,0.12,122.86821579225776,95.66666666666669
config_C,11,train,50000,0.0,28.84630618124047,,5,0.0,28.84630618124047,
config_C,11,train,100000,0.0,24.377056120652743,,5,0.0,24.377056120652743,
config_C,11,train,150000,0.0,54.27530387287989,,5,0.0,54.27530387287989,
config_C,11,train,200000,0.0,51.633121099621405,,5,0.0,51.633121099621405,
config_C,11,train,250000,0.0,24.1122190826871,,5,0.0,24.1122190826871,
config_C,11,train,300000,0.00444444444444444,58.09641886950195,83.0,5,0.00444444444444444,58.09641886950195,83.0
config_C,11,train,350000,0.0,45.439188531652995,,5,0.0,45.439188531652995,
config_C,11,train,400000,0.0,32.673864633188835,,5,0.0,32.673864633188835,
config_C,11,train,450000,0.00444444444444444,55.15251203866558,205.0,5,0.00444444444444444,55.15251203866558,205.0
config_C,11,train,500000,0.0,74.77379836067377,,5,0.0,74.77379836067377,
config_C,11,train,550000,0.0,52.01320392771405,,5,0.0,52.01320392771405,
config_C,11,train,600000,0.0,70.40122575248122,,5,0.0,70.40122575248122,
config_C,11,train,650000,0.0,73.11101868873926,,5,0.0,73.11101868873926,
config_C,11,train,700000,0.0,87.4908063679904,,5,0.0,87.4908063679904,
config_C,11,train,750000,0.0,48.896100115067576,,5,0.0,48.896100115067576,
config_C,11,train,800000,0.0,54.80116599121012,,5,0.0,54.80116599121012,
config_C,11,train,850000,0.00888888888888888,44.650752766234305,100.0,5,0.00888888888888888,44.650752766234305,100.0
config_C,11,train,900000,0.00444444444444444,80.62473837887593,482.0,5,0.00444444444444444,80.62473837887593,482.0
config_C,11,train,950000,0.0,95.7205775784449,,5,0.0,95.7205775784449,
config_C,11,train,1000000,0.013333333333333319,200.49619626813404,65.66666666666667,5,0.013333333333333319,200.49619626813404,65.66666666666667
config_C,11,train,1050000,0.01777777777777776,163.97191764267671,194.5,5,0.01777777777777776,163.97191764267671,194.5
config_C,11,train,1100000,0.00444444444444444,247.71433204351152,56.0,5,0.00444444444444444,247.71433204351152,56.0
config_C,11,train,1150000,0.01777777777777776,163.61660827023834,125.25,5,0.01777777777777776,163.61660827023834,125.25
config_C,11,train,1200000,0.013333333333333319,248.2807581412272,146.66666666666666,5,0.013333333333333319,248.2807581412272,146.66666666666666
config_C,11,train,1250000,0.013333333333333319,211.7006823694353,145.0,5,0.013333333333333319,211.7006823694353,145.0
config_C,11,train,1300000,0.00444444444444444,210.7707429710697,101.0,5,0.00444444444444444,210.7707429710697,101.0
config_C,11,train,1350000,0.026666666666666637,218.98031706943212,119.625,5,0.026666666666666637,218.98031706943212,119.625
config_C,11,train,1400000,0.00444444444444444,211.34646217614963,73.0,5,0.00444444444444444,211.34646217614963,73.0
config_C,11,train,1450000,0.00444444444444444,184.90389782821185,239.0,5,0.00444444444444444,184.90389782821185,239.0
config_C,11,train,1500000,0.00888888888888888,201.60961799265792,172.0,5,0.00888888888888888,201.60961799265792,172.0
config_C,11,train,1550000,0.00444444444444444,257.4842015532267,449.0,5,0.00444444444444444,257.4842015532267,449.0
config_C,11,train,1600000,0.0,232.50378566597237,,5,0.0,232.50378566597237,
config_C,11,train,1650000,0.00888888888888888,273.88265408765875,74.5,5,0.00888888888888888,273.88265408765875,74.5
config_C,11,train,1700000,0.00888888888888888,379.3150542240241,86.0,5,0.00888888888888888,379.3150542240241,86.0
config_C,11,train,1750000,0.03999999999999998,503.55625576835257,96.1875,5,0.03999999999999998,503.55625576835257,96.1875
config_C,11,train,1800000,0.0711111111111111,333.6562851439859,95.3125,5,0.0711111111111111,333.6562851439859,95.3125
config_C,11,train,1850000,0.09333333333333334,300.1011697255143,94.95238095238096,5,0.09333333333333334,300.1011697255143,94.95238095238096
config_C,11,train,1900000,0.10666666666666666,357.08970031260986,100.29166666666669,5,0.10666666666666666,357.08970031260986,100.29166666666669
config_C,11,train,1950000,0.07555555555555554,380.1205876807313,92.65625,5,0.07555555555555554,380.1205876807313,92.65625
config_C,11,train,2000000,0.08888888888888888,397.6373077943043,86.65,5,0.08888888888888888,397.6373077943043,86.65
config_C,11,train,2050000,0.09333333333333334,371.1184174196593,82.47619047619048,5,0.09333333333333334,371.1184174196593,82.47619047619048
config_C,11,train,2100000,0.0711111111111111,527.136904657333,89.625,5,0.0711111111111111,527.136904657333,89.625
config_C,11,train,2150000,0.08444444444444445,418.2220403955358,83.19444444444444,5,0.08444444444444445,418.2220403955358,83.19444444444444
config_C,11,train,2200000,0.09333333333333332,338.6386602213394,109.26315789473684,5,0.09333333333333332,338.6386602213394,109.26315789473684
config_C,11,train,2250000,0.0311111111111111,248.8309615729867,90.45,5,0.0311111111111111,248.8309615729867,90.45
config_C,11,train,2300000,0.05777777777777776,297.68945710597535,133.70454545454544,5,0.05777777777777776,297.68945710597535,133.70454545454544
config_C,11,train,2350000,0.02666666666666666,289.7636992796749,127.1,5,0.02666666666666666,289.7636992796749,127.1
config_C,11,train,2400000,0.03555555555555554,275.1711042163009,109.5,5,0.03555555555555554,275.1711042163009,109.5
config_C,11,train,2450000,0.08888888888888888,189.61077788808777,105.15,5,0.08888888888888888,189.61077788808777,105.15
config_C,11,train,2500000,0.0711111111111111,202.81629143673175,110.3125,5,0.0711111111111111,202.81629143673175,110.3125
config_D,11,test,50000,0.0,19.318997487744078,,5,0.0,19.318997487744078,
config_D,11,test,100000,0.0,43.124027861069564,,5,0.0,43.124027861069564,
config_D,11,test,150000,0.0,18.50849628499569,,5,0.0,18.50849628499569,
config_D,11,test,200000,0.0,19.40752475657011,,5,0.0,19.40752475657011,
config_D,11,test,250000,0.0,22.7639198774392,,5,0.0,22.7639198774392,
config_D,11,test,300000,0.0,22.59231516571961,,5,0.0,22.59231516571961,
config_D,11,test,350000,0.0,26.802030763043227,,5,0.0,26.802030763043227,
config_D,11,test,400000,0.0,54.00970157013387,,5,0.0,54.00970157013387,
config_D,11,test,450000,0.0,43.51819841195224,,5,0.0,43.51819841195224,
config_D,11,test,500000,0.0,41.15870182955224,,5,0.0,41.15870182955224,
config_D,11,test,550000,0.0,117.2784983314903,,5,0.0,117.2784983314903,
config_D,11,test,600000,0.0,155.33106492050524,,5,0.0,155.33106492050524,
config_D,11,test,650000,0.0,203.02543963894018,,5,0.0,203.02543963894018,
config_D,11,test,700000,0.0,226.59218370520165,,5,0.0,226.59218370520165,
config_D,11,test,750000,0.0,274.662079475477,,5,0.0,274.662079475477,
config_D,11,test,800000,0.0,53.32829646211987,,5,0.0,53.32829646211987,
config_D,11,test,850000,0.0,91.4338412819061,,5,0.0,91.4338412819061,
config_D,11,test,900000,0.0,196.97487838514527,,5,0.0,196.97487838514527,
config_D,11,test,950000,0.04,100.6997711795083,107.0,5,0.04,100.6997711795083,107.0
config_D,11,test,1000000,0.16,1017.9538340992407,86.5,5,0.16,1017.9538340992407,86.5
config_D,11,test,1050000,0.16,1150.8086695582422,170.0,5,0.16,1150.8086695582422,170.0
config_D,11,test,1100000,0.32,931.4116372310607,123.0,5,0.32,931.4116372310607,123.0
config_D,11,test,1150000,0.32,663.6473704396918,103.75,5,0.32,663.6473704396918,103.75
config_D,11,test,1200000,0.28,1008.3474567618621,69.83333333333333,5,0.28,1008.3474567618621,69.83333333333333
config_D,11,test,1250000,0.4,1010.6621593794622,87.13333333333333,5,0.4,1010.6621593794622,87.13333333333333
config_D,11,test,1300000,0.4,751.0949219098421,114.95833333333333,5,0.4,751.0949219098421,114.95833333333333
config_D,11,test,1350000,0.4,713.8890663601371,88.33333333333333,5,0.4,713.8890663601371,88.33333333333333
config_D,11,test,1400000,0.64,404.21827188018824,73.5125,5,0.64,404.21827188018824,73.5125
config_D,11,test,1450000,0.5599999999999999,394.635559778544,107.85,5,0.5599999999999999,394.635559778544,107.85
config_D,11,test,1500000,0.56,452.25224421117434,69.9375,5,0.56,452.25224421117434,69.9375
config_D,11,test,1550000,0.48,120.31461073585805,66.97999999999999,5,0.48,120.31461073585805,66.97999999999999
config_D,11,test,1600000,0.44000000000000006,287.6656372175988,62.29166666666667,5,0.44000000000000006,287.6656372175988,62.29166666666667
config_D,11,test,1650000,0.64,249.74781332546416,77.6,5,0.64,249.74781332546416,77.6
config_D,11,test,1700000,0.5599999999999999,424.796825805159,74.77083333333333,5,0.5599999999999999,424.796825805159,74.77083333333333
config_D,11,test,1750000,0.68,218.74072021523594,71.175,5,0.68,218.74072021523594,71.175
config_D,11,test,1800000,0.72,423.81435880580455,84.64,5,0.72,423.81435880580455,84.64
config_D,11,test,1850000,0.6,282.2293192191139,79.92333333333333,5,0.6,282.2293192191139,79.92333333333333
config_D,11,test,1900000,0.68,347.55435519227876,80.55666666666666,5,0.68,347.55435519227876,80.55666666666666
config_D,11,test,1950000,0.72,258.7287344832911,78.45,5,0.72,258.7287344832911,78.45
config_D,11,test,2000000,0.64,270.83034399591526,79.3625,5,0.64,270.83034399591526,79.3625
config_D,11,test,2050000,0.64,201.03771525051002,83.26666666666668,5,0.64,201.03771525051002,83.26666666666668
config_D,11,test,2100000,0.56,202.0952308932382,70.76,5,0.56,202.0952308932382,70.76
config_D,11,test,2150000,0.64,150.187764084199,75.8625,5,0.64,150.187764084199,75.8625
config_D,11,test,2200000,0.72,187.20451492066996,83.52000000000001,5,0.72,187.20451492066996,83.52000000000001
config_D,11,test,2250000,0.6799999999999999,167.62824286815888,63.56666666666666,5,0.6799999999999999,167.62824286815888,63.56666666666666
config_D,11,test,2300000,0.5599999999999999,257.46725419317863,76.71000000000001,5,0.5599999999999999,257.46725419317863,76.71000000000001
config_D,11,test,2350000,0.64,361.03827601746394,64.75,5,0.64,361.03827601746394,64.75
config_D,11,test,2400000,0.6799999999999999,216.9666493144896,64.08,5,0.6799999999999999,216.9666493144896,64.08
config_D,11,test,2450000,0.8,134.42744013224174,66.8,5,0.8,134.42744013224174,66.8
config_D,11,test,2500000,0.6,162.16696894463502,57.90833333333333,5,0.6,162.16696894463502,57.90833333333333
config_D,11,train,50000,0.0,21.490802456053913,,5,0.0,21.490802456053913,
config_D,11,train,100000,0.0,22.650013611539,,5,0.0,22.650013611539,
config_D,11,train,150000,0.0,18.213552281802535,,5,0.0,18.213552281802535,
config_D,11,train,200000,0.0,30.396162268877873,,5,0.0,30.396162268877873,
config_D,11,train,250000,0.0,35.24457446372766,,5,0.0,35.24457446372766,
config_D,11,train,300000,0.0,23.927848302647003,,5,0.0,23.927848302647003,
config_D,11,train,350000,0.0,49.210438097045866,,5,0.0,49.210438097045866,
config_D,11,train,400000,0.0,65.60750717900783,,5,0.0,65.60750717900783,
config_D,11,train,450000,0.0,50.37620726757393,,5,0.0,50.37620726757393,
config_D,11,train,500000,0.0,87.18763343843162,,5,0.0,87.18763343843162,
config_D,11,train,550000,0.0,68.46352659468106,,5,0.0,68.46352659468106,
config_D,11,train,600000,0.0,88.73263009136532,,5,0.0,88.73263009136532,
config_D,11,train,650000,0.00444444444444444,137.83731623391984,131.0,5,0.00444444444444444,137.83731623391984,131.0
config_D,11,train,700000,0.00444444444444444,152.56745854936648,86.0,5,0.00444444444444444,152.56745854936648,86.0
config_D,11,train,750000,0.0,115.14845478617777,,5,0.0,115.14845478617777,
config_D,11,train,800000,0.00888888888888888,174.52273529936272,84.0,5,0.00888888888888888,174.52273529936272,84.0
config_D,11,train,850000,0.0,106.70663158007258,,5,0.0,106.70663158007258,
config_D,11,train,900000,0.00888888888888888,147.37394076634797,144.5,5,0.00888888888888888,147.37394076634797,144.5
config_D,11,train,950000,0.02666666666666666,175.51289473091347,138.5,5,0.02666666666666666,175.51289473091347,138.5
config_D,11,train,1000000,0.16444444444444445,1140.539572979948,90.14444444444445,5,0.16444444444444445,1140.539572979948,90.14444444444445
config_D,11,train,1050000,0.2311111111111111,1008.0923449836498,201.83660714285713,5,0.2311111111111111,1008.0923449836498,201.83660714285713
config_D,11,train,1100000,0.3288888888888889,869.7137892601395,97.77452619843925,5,0.3288888888888889,869.7137892601395,97.77452619843925
config_D,11,train,1150000,0.3911111111111111,621.1850466697249,112.06031746031746,5,0.3911111111111111,621.1850466697249,112.06031746031746
config_D,11,train,1200000,0.4311111111111111,713.0748495760944,93.94553507424476,5,0.4311111111111111,713.0748495760944,93.94553507424476
config_D,11,train,1250000,0.4888888888888888,636.462138684273,87.24290124137323,5,0.4888888888888888,636.462138684273,87.24290124137323
config_D,11,train,1300000,0.49333333333333335,505.28787614105374,85.34758584495427,5,0.49333333333333335,505.28787614105374,85.34758584495427
config_D,11,train,1350000,0.49777777777777776,431.4417881836892,77.86804166459339,5,0.49777777777777776,431.4417881836892,77.86804166459339
config_D,11,train,1400000,0.5955555555555556,399.7690015545448,76.12628543499511,5,0.5955555555555556,399.7690015545448,76.12628543499511
config_D,11,train,1450000,0.6,359.9248128543137,77.66049586912874,5,0.6,359.9248128543137,77.66049586912874
config_D,11,train,1500000,0.6044444444444445,460.5152697444122,94.676992481203,5,0.6044444444444445,460.5152697444122,94.676992481203
config_D,11,train,1550000,0.6133333333333333,215.1643304058079,76.66171519112694,5,0.6133333333333333,215.1643304058079,76.66171519112694
config_D,11,train,1600000,0.6044444444444445,260.0580460514403,75.44597573944546,5,0.6044444444444445,260.0580460514403,75.44597573944546
config_D,11,train,1650000,0.6488888888888888,334.5497554988848,71.82064935064935,5,0.6488888888888888,334.5497554988848,71.82064935064935
config_D,11,train,1700000,0.6755555555555555,285.5206032521967,77.62384149184149,5,0.6755555555555555,285.5206032521967,77.62384149184149
config_D,11,train,1750000,0.7066666666666667,280.2916611477558,77.77539393939394,5,0.7066666666666667,280.2916611477558,77.77539393939394
config_D,11,train,1800000,0.6177777777777778,292.28373636716924,71.94443169233867,5,0.6177777777777778,292.28373636716924,71.94443169233867
config_D,11,train,1850000,0.6799999999999999,235.203159476867,68.09362603663631,5,0.6799999999999999,235.203159476867,68.09362603663631
config_D,11,train,1900000,0.7288888888888888,246.3329924897915,75.20507455507456,5,0.7288888888888888,246.3329924897915,75.20507455507456
config_D,11,train,1950000,0.72,224.24011875488003,67.93228758169934,5,0.72,224.24011875488003,67.93228758169934
config_D,11,train,2000000,0.6088888888888888,199.70910706803653,74.53594789356984,5,0.6088888888888888,199.70910706803653,74.53594789356984
config_D,11,train,2050000,0.6577777777777778,225.8005016247499,67.61680031080031,5,0.6577777777777778,225.8005016247499,67.61680031080031
config_D,11,train,2100000,0.6,201.29150077088406,74.64208654489143,5,0.6,201.29150077088406,74.64208654489143
config_D,11,train,2150000,0.6577777777777778,195.64149374015975,86.16844754161828,5,0.6577777777777778,195.64149374015975,86.16844754161828
config_D,11,train,2200000,0.72,211.3144324297094,70.2373754152824,5,0.72,211.3144324297094,70.2373754152824
config_D,11,train,2250000,0.7555555555555555,222.96349147145474,64.27309465309466,5,0.7555555555555555,222.96349147145474,64.27309465309466
config_D,11,train,2300000,0.7022222222222222,262.31413026292194,72.88199134199134,5,0.7022222222222222,262.31413026292194,72.88199134199134
config_D,11,train,2350000,0.7333333333333334,209.74275106013383,67.74258624478136,5,0.7333333333333334,209.74275106013383,67.74258624478136
config_D,11,train,2400000,0.7422222222222221,150.9878608936213,69.904221158958,5,0.7422222222222221,150.9878608936213,69.904221158958
config_D,11,train,2450000,0.7333333333333333,160.74364469406203,64.87385294631929,5,0.7333333333333333,160.74364469406203,64.87385294631929
config_D,11,train,2500000,0.7066666666666667,180.23174187101577,65.54961498769549,5,0.7066666666666667,180.23174187101577,65.54961498769549
config_E,11,test,50000,0.0,20.316615655876554,,5,0.0,20.316615655876554,
config_E,11,test,100000,0.0,20.64793271879189,,5,0.0,20.64793271879189,
config_E,11,test,150000,0.0,36.11297478829332,,5,0.0,36.11297478829332,
config_E,11,test,200000,0.0,21.649265782884015,,5,0.0,21.649265782884015,
config_E,11,test,250000,0.0,23.398204972434797,,5,0.0,23.398204972434797,
config_E,11,test,300000,0.0,33.46953353706667,,5,0.0,33.46953353706667,
config_E,11,test,350000,0.0,23.60992280586317,,5,0.0,23.60992280586317,
config_E,11,test,400000,0.0,69.89333536280976,,5,0.0,69.89333536280976,
config_E,11,test,450000,0.0,24.254689575829325,,5,0.0,24.254689575829325,
config_E,11,test,500000,0.0,48.13644884620844,,5,0.0,48.13644884620844,
config_E,11,test,550000,0.0,29.880553770310023,,5,0.0,29.880553770310023,
config_E,11,test,600000,0.0,100.65917377609911,,5,0.0,100.65917377609911,
config_E,11,test,650000,0.0,94.50158294729123,,5,0.0,94.50158294729123,
config_E,11,test,700000,0.0,173.3248473777491,,5,0.0,173.3248473777491,
config_E,11,test,750000,0.0,91.18023375964711,,5,0.0,91.18023375964711,
config_E,11,test,800000,0.0,98.93792413440534,,5,0.0,98.93792413440534,
config_E,11,test,850000,0.0,63.68272940101083,,5,0.0,63.68272940101083,
config_E,11,test,900000,0.0,98.34900549946184,,5,0.0,98.34900549946184,
config_E,11,test,950000,0.0,76.11852602880815,,5,0.0,76.11852602880815,
config_E,11,test,1000000,0.08,291.2132663523559,119.5,5,0.08,291.2132663523559,119.5
config_E,11,test,1050000,0.16,316.39396365435334,117.75,5,0.16,316.39396365435334,117.75
config_E,11,test,1100000,0.2,264.9148569209026,113.4,5,0.2,264.9148569209026,113.4
config_E,11,test,1150000,0.12,351.1863218305677,171.0,5,0.12,351.1863218305677,171.0
config_E,11,test,1200000,0.16,522.7016490010564,115.75,5,0.16,522.7016490010564,115.75
config_E,11,test,1250000,0.16,272.8495231227058,131.5,5,0.16,272.8495231227058,131.5
config_E,11,test,1300000,0.12,511.05341345005473,197.0,5,0.12,511.05341345005473,197.0
config_E,11,test,1350000,0.12,399.98244978914676,99.33333333333331,5,0.12,399.98244978914676,99.33333333333331
config_E,11,test,1400000,0.04,487.2934447059124,118.0,5,0.04,487.2934447059124,118.0
config_E,11,test,1450000,0.04,201.7243741583036,84.0,5,0.04,201.7243741583036,84.0
config_E,11,test,1500000,0.04,289.72885734098577,86.0,5,0.04,289.72885734098577,86.0
config_E,11,test,1550000,0.16,409.27969094063764,113.25,5,0.16,409.27969094063764,113.25
config_E,11,test,1600000,0.04,503.6867464783908,154.0,5,0.04,503.6867464783908,154.0
config_E,11,test,1650000,0.04,565.1772811992578,79.0,5,0.04,565.1772811992578,79.0
config_E,11,test,1700000,0.16,307.41839006418627,92.75,5,0.16,307.41839006418627,92.75
config_E,11,test,1750000,0.12,570.0991680428094,103.0,5,0.12,570.0991680428094,103.0
config_E,11,test,1800000,0.16,449.87989563853273,87.75,5,0.16,449.87989563853273,87.75
config_E,11,test,1850000,0.08,284.91801171647637,91.5,5,0.08,284.91801171647637,91.5
config_E,11,test,1900000,0.12,282.28055496692565,78.0,5,0.12,282.28055496692565,78.0
config_E,11,test,1950000,0.12,295.92126753314074,86.66666666666667,5,0.12,295.92126753314074,86.66666666666667
config_E,11,test,2000000,0.04,276.1268717941925,66.0,5,0.04,276.1268717941925,66.0
config_E,11,test,2050000,0.08,438.53911416636464,124.0,5,0.08,438.53911416636464,124.0
config_E,11,test,2100000,0.16,329.25050626124505,104.25,5,0.16,329.25050626124505,104.25
config_E,11,test,2150000,0.08,350.48686789727697,70.5,5,0.08,350.48686789727697,70.5
config_E,11,test,2200000,0.08,330.1353748505309,64.0,5,0.08,330.1353748505309,64.0
config_E,11,test,2250000,0.08,265.3540371882692,60.0,5,0.08,265.3540371882692,60.0
config_E,11,test,2300000,0.08,315.4053840461157,56.0,5,0.08,315.4053840461157,56.0
config_E,11,test,2350000,0.12,419.35497850797594,75.0,5,0.12,419.35497850797594,75.0
config_E,11,test,2400000,0.12,432.5619286931901,71.33333333333333,5,0.12,432.5619286931901,71.33333333333333
config_E,11,test,2450000,0.12,555.3598183025483,76.66666666666667,5,0.12,555.3598183025483,76.66666666666667
config_E,11,test,2500000,0.04,342.3030622763923,63.0,5,0.04,342.3030622763923,63.0
config_E,11,train,50000,0.0,20.986952725937602,,5,0.0,20.986952725937602,
config_E,11,train,100000,0.0,22.29964754307483,,5,0.0,22.29964754307483,
config_E,11,train,150000,0.0,19.12453137857701,,5,0.0,19.12453137857701,
config_E,11,train,200000,0.0,25.934324784483977,,5,0.0,25.934324784483977,
config_E,11,train,250000,0.0,26.684470477525203,,5,0.0,26.684470477525203,
config_E,11,train,300000,0.0,54.912513746315526,,5,0.0,54.912513746315526,
config_E,11,train,350000,0.0,51.08389547312156,,5,0.0,51.08389547312156,
config_E,11,train,400000,0.0,60.62222498088706,,5,0.0,60.62222498088706,
config_E,11,train,450000,0.0,39.5352166882666,,5,0.0,39.5352166882666,
config_E,11,train,500000,0.0,75.86487871935641,,5,0.0,75.86487871935641,
config_E,11,train,550000,0.0,62.089118111704934,,5,0.0,62.089118111704934,
config_E,11,train,600000,0.0,83.23380054225375,,5,0.0,83.23380054225375,
config_E,11,train,650000,0.0,93.46863886322724,,5,0.0,93.46863886322724,
config_E,11,train,700000,0.0,107.46102898788426,,5,0.0,107.46102898788426,
config_E,11,train,750000,0.0,78.77521467210978,,5,0.0,78.77521467210978,
config_E,11,train,800000,0.0,108.36808895365058,,5,0.0,108.36808895365058,
config_E,11,train,850000,0.0,87.83407757847003,,5,0.0,87.83407757847003,
config_E,11,train,900000,0.00888888888888888,234.1350622961079,298.0,5,0.00888888888888888,234.1350622961079,298.0
config_E,11,train,950000,0.013333333333333319,169.64624867575588,175.33333333333334,5,0.013333333333333319,169.64624867575588,175.33333333333334
config_E,11,train,1000000,0.17333333333333334,340.6349686106826,141.3846153846154,5,0.17333333333333334,340.6349686106826,141.3846153846154
config_E,11,train,1050000,0.13777777777777778,356.8215461849951,139.70967741935485,5,0.13777777777777778,356.8215461849951,139.70967741935485
config_E,11,train,1100000,0.13777777777777778,275.0078295954776,116.25806451612904,5,0.13777777777777778,275.0078295954776,116.25806451612904
config_E,11,train,1150000,0.11111111111111112,375.53548787568445,141.16,5,0.11111111111111112,375.53548787568445,141.16
config_E,11,train,1200000,0.10666666666666666,436.5593169659008,128.66666666666666,5,0.10666666666666666,436.5593169659008,128.66666666666666
config_E,11,train,1250000,0.1288888888888889,347.3939553285362,104.6206896551724,5,0.1288888888888889,347.3939553285362,104.6206896551724
config_E,11,train,1300000,0.12,376.914713684084,121.33333333333331,5,0.12,376.914713684084,121.33333333333331
config_E,11,train,1350000,0.10666666666666666,489.52027673358754,113.54166666666669,5,0.10666666666666666,489.52027673358754,113.54166666666669
config_E,11,train,1400000,0.11111111111111112,369.450840550696,110.28,5,0.11111111111111112,369.450840550696,110.28
config_E,11,train,1450000,0.13333333333333333,299.9114516816413,110.36666666666666,5,0.13333333333333333,299.9114516816413,110.36666666666666
config_E,11,train,1500000,0.10666666666666666,358.4999162285611,117.83333333333331,5,0.10666666666666666,358.4999162285611,117.83333333333331
config_E,11,train,1550000,0.11111111111111112,424.76090780701463,96.12,5,0.11111111111111112,424.76090780701463,96.12
config_E,11,train,1600000,0.10222222222222221,531.1049891138891,116.1304347826087,5,0.10222222222222221,531.1049891138891,116.1304347826087
config_E,11,train,1650000,0.12,422.1574830529518,112.07407407407408,5,0.12,422.1574830529518,112.07407407407408
config_E,11,train,1700000,0.08888888888888888,452.40103702826747,111.85,5,0.08888888888888888,452.40103702826747,111.85
config_E,11,train,1750000,0.12,534.6272756703045,95.25925925925924,5,0.12,534.6272756703045,95.25925925925924
config_E,11,train,1800000,0.0711111111111111,464.99938573505904,121.3125,5,0.0711111111111111,464.99938573505904,121.3125
config_E,11,train,1850000,0.0311111111111111,351.92041045190723,110.57142857142856,5,0.0311111111111111,351.92041045190723,110.57142857142856
config_E,11,train,1900000,0.07555555555555554,403.8682794103547,97.0,5,0.07555555555555554,403.8682794103547,97.0
config_E,11,train,1950000,0.13777777777777778,389.94322779114566,113.6551724137931,5,0.13777777777777778,389.94322779114566,113.6551724137931
config_E,11,train,2000000,0.10666666666666665,314.3898981507766,226.32608695652175,5,0.10666666666666665,314.3898981507766,226.32608695652175
config_E,11,train,2050000,0.0311111111111111,394.37615027614004,108.85714285714286,5,0.0311111111111111,394.37615027614004,108.85714285714286
config_E,11,train,2100000,0.1511111111111111,450.008902022489,91.88235294117646,5,0.1511111111111111,450.008902022489,91.88235294117646
config_E,11,train,2150000,0.12,444.0123107237695,176.89333333333335,5,0.12,444.0123107237695,176.89333333333335
config_E,11,train,2200000,0.07555555555555554,523.3428603436803,167.08888888888887,5,0.07555555555555554,523.3428603436803,167.08888888888887
config_E,11,train,2250000,0.13333333333333333,427.82040862942847,127.0,5,0.13333333333333333,427.82040862942847,127.0
config_E,11,train,2300000,0.09333333333333334,495.35392629273736,99.57142857142856,5,0.09333333333333334,495.35392629273736,99.57142857142856
config_E,11,train,2350000,0.1333333333333333,512.2070189938679,234.95299145299145,5,0.1333333333333333,512.2070189938679,234.95299145299145
config_E,11,train,2400000,0.11111111111111112,483.6503622036257,96.8,5,0.11111111111111112,483.6503622036257,96.8
config_E,11,train,2450000,0.14666666666666664,578.3390926218592,152.64285714285714,5,0.14666666666666664,578.3390926218592,152.64285714285714
config_E,11,train,2500000,0.13777777777777775,524.7328008825509,144.63888888888889,5,0.13777777777777775,524.7328008825509,144.63888888888889
