config_name,group,checkpoint_step,mean_success_rate,std_success_rate,mean_avg_return,std_avg_return,mean_first_success_step,n_runs,mean_success_rate_smooth,mean_avg_return_smooth,mean_first_success_step_smooth
config_A,test,50000,0.0,0.0,13.074690535488731,5.4639484227110655,,5,0.0,13.074690535488731,
config_A,test,100000,0.0,0.0,14.723996034288712,5.233317761490277,,5,0.0,14.723996034288712,
config_A,test,150000,0.0,0.0,40.318122512701336,37.860238227149374,,5,0.0,40.318122512701336,
config_A,test,200000,0.0,0.0,25.03893322661392,10.856850082017171,,5,0.0,25.03893322661392,
config_A,test,250000,0.0,0.0,30.5246417639324,15.983650228135286,,5,0.0,30.5246417639324,
config_A,test,300000,0.0,0.0,54.565858344445644,63.29872958917018,,5,0.0,54.565858344445644,
config_A,test,350000,0.0,0.0,46.82096165731057,22.97140375885969,,5,0.0,46.82096165731057,
config_A,test,400000,0.0,0.0,47.42860481761816,19.522431993283675,,5,0.0,47.42860481761816,
config_A,test,450000,0.0,0.0,69.2789014714122,45.67824139082469,,5,0.0,69.2789014714122,
config_A,test,500000,0.0,0.0,85.9266246438244,102.28833298495687,,5,0.0,85.9266246438244,
config_A,test,550000,0.0,0.0,45.90072862955242,36.879096684608314,,5,0.0,45.90072862955242,
config_A,test,600000,0.0,0.0,72.31761093544377,77.51922168250974,,5,0.0,72.31761093544377,
config_A,test,650000,0.0,0.0,103.88419287262187,110.58846215805791,,5,0.0,103.88419287262187,
config_A,test,700000,0.0,0.0,191.6392994849627,148.45396088158526,,5,0.0,191.6392994849627,
config_A,test,750000,0.0,0.0,203.87707801452288,164.535318425768,,5,0.0,203.87707801452288,
config_A,test,800000,0.0,0.0,149.16999602684535,118.70783327100085,,5,0.0,149.16999602684535,
config_A,test,850000,0.0,0.0,233.10507008224099,333.8286015773866,,5,0.0,233.10507008224099,
config_A,test,900000,0.0,0.0,60.87992152202399,81.39771424040305,,5,0.0,60.87992152202399,
config_A,test,950000,0.0,0.0,54.308780461469325,60.377042266452584,,5,0.0,54.308780461469325,
config_A,test,1000000,0.0,0.0,1139.2069306069636,521.2397019702058,,5,0.0,1139.2069306069636,
config_A,test,1050000,0.0,0.0,998.4081581648243,524.3225308749951,,5,0.0,998.4081581648243,
config_A,test,1100000,0.04,0.0894427190999916,841.5822988124739,232.7987306553191,77.0,5,0.04,841.5822988124739,77.0
config_A,test,1150000,0.12000000000000002,0.1788854381999832,915.5921320419087,351.95872700823446,156.25,5,0.12000000000000002,915.5921320419087,156.25
config_A,test,1200000,0.16,0.21908902300206645,1207.7114741934822,426.37035142421587,118.0,5,0.16,1207.7114741934822,118.0
config_A,test,1250000,0.2,0.282842712474619,1187.029083746213,653.3720656506866,138.91666666666666,5,0.2,1187.029083746213,138.91666666666666
config_A,test,1300000,0.32,0.41472882706655445,1075.864806975817,601.8592266427763,208.86666666666667,5,0.32,1075.864806975817,208.86666666666667
config_A,test,1350000,0.32,0.363318042491699,868.3796046850366,536.0110061766361,74.44444444444444,5,0.32,868.3796046850366,74.44444444444444
config_A,test,1400000,0.32,0.46043457732885357,1031.7172910407464,512.9449437925185,86.43333333333334,5,0.32,1031.7172910407464,86.43333333333334
config_A,test,1450000,0.4,0.3741657386773941,720.9367332626933,479.31850994281206,141.9375,5,0.4,720.9367332626933,141.9375
config_A,test,1500000,0.52,0.4147288270665544,466.05023598117566,205.4917433414796,95.89583333333333,5,0.52,466.05023598117566,95.89583333333333
config_A,test,1550000,0.72,0.4381780460041329,594.3768528261874,400.6280371435035,106.85,5,0.72,594.3768528261874,106.85
config_A,test,1600000,0.36,0.3286335345030997,685.968804343491,307.54507414468003,96.41666666666667,5,0.36,685.968804343491,96.41666666666667
config_A,test,1650000,0.5599999999999999,0.5176871642217914,621.0459704524503,412.6684680414385,104.64999999999999,5,0.5599999999999999,621.0459704524503,104.64999999999999
config_A,test,1700000,0.48,0.4604345773288536,933.2137046517371,673.4321893181966,111.41111111111111,5,0.48,933.2137046517371,111.41111111111111
config_A,test,1750000,0.6,0.4690415759823429,602.5649794281508,410.6467107894364,85.05,5,0.6,602.5649794281508,85.05
config_A,test,1800000,0.6,0.37416573867739417,693.4164464626958,495.15522261269615,85.275,5,0.6,693.4164464626958,85.275
config_A,test,1850000,0.64,0.3847076812334269,447.21852158165194,352.51687737646847,73.78333333333333,5,0.64,447.21852158165194,73.78333333333333
config_A,test,1900000,0.6,0.4242640687119285,564.5870054249137,398.36474174699737,74.78333333333333,5,0.6,564.5870054249137,74.78333333333333
config_A,test,1950000,0.6799999999999999,0.4147288270665544,573.5086587989576,326.3057784032839,100.77916666666667,5,0.6799999999999999,573.5086587989576,100.77916666666667
config_A,test,2000000,0.68,0.38987177379235854,505.2312839254415,370.7563818171834,87.375,5,0.68,505.2312839254415,87.375
config_A,test,2050000,0.6,0.34641016151377546,579.6044376451536,377.76278751673203,94.875,5,0.6,579.6044376451536,94.875
config_A,test,2100000,0.5599999999999999,0.433589667773576,641.2803181707029,545.4168401893911,83.3125,5,0.5599999999999999,641.2803181707029,83.3125
config_A,test,2150000,0.6,0.4,573.2656359452317,482.17591606317524,72.55,5,0.6,573.2656359452317,72.55
config_A,test,2200000,0.6,0.34641016151377546,448.0102331678985,337.282198685885,80.54166666666667,5,0.6,448.0102331678985,80.54166666666667
config_A,test,2250000,0.68,0.38987177379235854,503.61047113782905,383.54037701272625,82.9625,5,0.68,503.61047113782905,82.9625
config_A,test,2300000,0.5599999999999999,0.433589667773576,684.5717576200193,744.9394520904151,73.65,5,0.5599999999999999,684.5717576200193,73.65
config_A,test,2350000,0.5599999999999999,0.38470768123342686,652.1325293388603,725.7405593247681,74.85,5,0.5599999999999999,652.1325293388603,74.85
config_A,test,2400000,0.72,0.4147288270665544,373.3263746505422,354.8399546776927,79.7125,5,0.72,373.3263746505422,79.7125
config_A,test,2450000,0.5599999999999999,0.38470768123342686,505.693267764515,378.8986777623742,68.06666666666666,5,0.5599999999999999,505.693267764515,68.06666666666666
config_A,test,2500000,0.6799999999999999,0.4604345773288535,566.0307747495096,379.9826057675244,90.35,5,0.6799999999999999,566.0307747495096,90.35
config_A,train,50000,0.0,0.0,17.93136470747103,4.021441720371827,,5,0.0,17.93136470747103,
config_A,train,100000,0.0,0.0,23.938098173347395,13.914203741855406,,5,0.0,23.938098173347395,
config_A,train,150000,0.0,0.0,36.47700227047733,24.37460761654652,,5,0.0,36.47700227047733,
config_A,train,200000,0.0,0.0,52.41550928298018,56.2728371922002,,5,0.0,52.41550928298018,
config_A,train,250000,0.0,0.0,42.56123600890475,33.22215039313971,,5,0.0,42.56123600890475,
config_A,train,300000,0.0,0.0,37.37661563853002,20.914882000382182,,5,0.0,37.37661563853002,
config_A,train,350000,0.0,0.0,47.26211551326073,24.643833614373133,,5,0.0,47.26211551326073,
config_A,train,400000,0.0,0.0,50.02611440529961,15.64645370844441,,5,0.0,50.02611440529961,
config_A,train,450000,0.0,0.0,65.60800052586049,53.12348237854038,,5,0.0,65.60800052586049,
config_A,train,500000,0.0,0.0,107.93394666278668,104.08969336890569,,5,0.0,107.93394666278668,
config_A,train,550000,0.0,0.0,61.60787900564503,28.880498877196686,,5,0.0,61.60787900564503,
config_A,train,600000,0.0,0.0,72.12840150127168,55.080632711515484,,5,0.0,72.12840150127168,
config_A,train,650000,0.0,0.0,97.6075625472719,82.15429117684215,,5,0.0,97.6075625472719,
config_A,train,700000,0.0,0.0,101.95138648731407,88.35812104641563,,5,0.0,101.95138648731407,
config_A,train,750000,0.0,0.0,128.2489543657709,103.79589331805428,,5,0.0,128.2489543657709,
config_A,train,800000,0.0,0.0,168.0572333599736,195.1002942734219,,5,0.0,168.0572333599736,
config_A,train,850000,0.0,0.0,169.1393079228303,192.4305752777967,,5,0.0,169.1393079228303,
config_A,train,900000,0.0,0.0,96.63478268047406,69.33898179137852,,5,0.0,96.63478268047406,
config_A,train,950000,0.0,0.0,101.04241961839973,92.77723647967574,,5,0.0,101.04241961839973,
config_A,train,1000000,0.00888888888888888,0.01987615979999811,1141.6480132677978,577.5805423123734,129.0,5,0.00888888888888888,1141.6480132677978,129.0
config_A,train,1050000,0.03999999999999998,0.055332887102172136,1074.4238240003006,777.8515335757469,166.27777777777777,5,0.03999999999999998,1074.4238240003006,166.27777777777777
config_A,train,1100000,0.09777777777777777,0.1419441726459672,1074.0151751256376,432.4841954312498,175.5625,5,0.09777777777777777,1074.0151751256376,175.5625
config_A,train,1150000,0.15555555555555553,0.2238826853289987,982.6582565375905,192.63284741165774,153.61923583662713,5,0.15555555555555553,982.6582565375905,153.61923583662713
config_A,train,1200000,0.2,0.2748737083745107,1208.9977513386186,546.8997921706793,140.76666666666665,5,0.2,1208.9977513386186,140.76666666666665
config_A,train,1250000,0.24888888888888888,0.3584603564698527,1079.5804845410898,631.8471219366808,185.416317016317,5,0.24888888888888888,1079.5804845410898,185.416317016317
config_A,train,1300000,0.3466666666666666,0.41621456954464553,1000.8961334004623,688.2207269542937,211.71274131274131,5,0.3466666666666666,1000.8961334004623,211.71274131274131
config_A,train,1350000,0.4,0.36345393852880276,892.6410972134975,397.8811581295397,123.84510647010647,5,0.4,892.6410972134975,123.84510647010647
config_A,train,1400000,0.43999999999999995,0.4223391650917191,839.0831632493906,390.2339329676244,115.91210091991343,5,0.43999999999999995,839.0831632493906,115.91210091991343
config_A,train,1450000,0.4666666666666667,0.4363145314682636,773.7632592223358,595.4220459981383,145.38298928223958,5,0.4666666666666667,773.7632592223358,145.38298928223958
config_A,train,1500000,0.5466666666666666,0.4258904977214011,758.9807139603406,399.7925748247186,107.37678890876565,5,0.5466666666666666,758.9807139603406,107.37678890876565
config_A,train,1550000,0.5777777777777777,0.37581187833972807,757.3216512319048,305.02065160321223,107.62597818847819,5,0.5777777777777777,757.3216512319048,107.62597818847819
config_A,train,1600000,0.48,0.3866922086072215,676.4406245743345,381.63896078432697,115.43684210526317,5,0.48,676.4406245743345,115.43684210526317
config_A,train,1650000,0.5333333333333333,0.38904758666692435,811.2454797015043,309.4408675788952,102.09813186813187,5,0.5333333333333333,811.2454797015043,102.09813186813187
config_A,train,1700000,0.5555555555555556,0.375811878339728,713.0185476086531,290.1095247149327,96.88429845008793,5,0.5555555555555556,713.0185476086531,96.88429845008793
config_A,train,1750000,0.5466666666666666,0.37171607377966975,607.2817717392041,326.8818639529377,91.32482638888888,5,0.5466666666666666,607.2817717392041,91.32482638888888
config_A,train,1800000,0.5644444444444444,0.3917671265962491,651.714191844592,369.1595852171741,87.50823211875843,5,0.5644444444444444,651.714191844592,87.50823211875843
config_A,train,1850000,0.6177777777777778,0.3888571415612806,479.3561973690301,316.30868245235047,83.00263710474309,5,0.6177777777777778,479.3561973690301,83.00263710474309
config_A,train,1900000,0.6133333333333333,0.4075218694427012,575.6231848532418,329.9433518701843,82.1093540080609,5,0.6133333333333333,575.6231848532418,82.1093540080609
config_A,train,1950000,0.6755555555555556,0.39082059917657974,385.75726047287105,301.74686118901366,82.83358650013918,5,0.6755555555555556,385.75726047287105,82.83358650013918
config_A,train,2000000,0.6977777777777778,0.394905833438746,559.019963146016,300.5207841629046,88.3242706992707,5,0.6977777777777778,559.019963146016,88.3242706992707
config_A,train,2050000,0.6933333333333334,0.3960920207336786,429.97811868323595,300.598502971265,87.79152104670398,5,0.6933333333333334,429.97811868323595,87.79152104670398
config_A,train,2100000,0.6977777777777778,0.39428009095496663,418.0583299218474,315.5177852851603,86.94345238095238,5,0.6977777777777778,418.0583299218474,86.94345238095238
config_A,train,2150000,0.72,0.4075218694427013,479.00266149011685,294.3289681762947,79.28612726098191,5,0.72,479.00266149011685,79.28612726098191
config_A,train,2200000,0.6622222222222222,0.37561472249245825,420.55834371624996,306.8347945205496,78.3461362663866,5,0.6622222222222222,420.55834371624996,78.3461362663866
config_A,train,2250000,0.6933333333333334,0.39359062520201565,423.954304078309,326.24017766742946,76.93838848860369,5,0.6933333333333334,423.954304078309,76.93838848860369
config_A,train,2300000,0.6444444444444445,0.37416573867739417,530.0468028201733,386.0122767247362,79.7815224853177,5,0.6444444444444445,530.0468028201733,79.7815224853177
config_A,train,2350000,0.6044444444444445,0.40957671615919905,660.031704030552,625.523958320985,79.68666536381996,5,0.6044444444444445,660.031704030552,79.68666536381996
config_A,train,2400000,0.711111111111111,0.4058218303944372,420.6781033348073,335.9300001668904,75.51202749209175,5,0.711111111111111,420.6781033348073,75.51202749209175
config_A,train,2450000,0.7066666666666667,0.396403585338397,405.57296339081466,336.977520691694,79.09235227491807,5,0.7066666666666667,405.57296339081466,79.09235227491807
config_A,train,2500000,0.7155555555555555,0.40867143976428344,441.1208141480165,369.5027913631955,75.07869145440881,5,0.7155555555555555,441.1208141480165,75.07869145440881
config_B,test,50000,0.0,0.0,21.3137339875107,4.557190878538029,,5,0.0,21.3137339875107,
config_B,test,100000,0.0,0.0,20.019425177103802,10.173238104657214,,5,0.0,20.019425177103802,
config_B,test,150000,0.0,0.0,21.242481443282045,10.118785853013682,,5,0.0,21.242481443282045,
config_B,test,200000,0.0,0.0,29.161547810040645,14.847912206729493,,5,0.0,29.161547810040645,
config_B,test,250000,0.0,0.0,29.498983661535654,10.86497677888213,,5,0.0,29.498983661535654,
config_B,test,300000,0.0,0.0,26.865797727486818,9.100147036218525,,5,0.0,26.865797727486818,
config_B,test,350000,0.0,0.0,58.70087093729812,57.41234465946245,,5,0.0,58.70087093729812,
config_B,test,400000,0.0,0.0,33.93895011955438,12.649471159865183,,5,0.0,33.93895011955438,
config_B,test,450000,0.0,0.0,28.90523778334869,7.56002769133881,,5,0.0,28.90523778334869,
config_B,test,500000,0.0,0.0,65.84363714000622,61.770345446846626,,5,0.0,65.84363714000622,
config_B,test,550000,0.0,0.0,32.92576725266993,11.43863339676554,,5,0.0,32.92576725266993,
config_B,test,600000,0.0,0.0,36.74475773008396,8.236935732060413,,5,0.0,36.74475773008396,
config_B,test,650000,0.0,0.0,112.7493877452875,149.04841296998757,,5,0.0,112.7493877452875,
config_B,test,700000,0.0,0.0,96.76548794985055,105.90974736173348,,5,0.0,96.76548794985055,
config_B,test,750000,0.0,0.0,120.7150926898361,85.59280431144406,,5,0.0,120.7150926898361,
config_B,test,800000,0.0,0.0,116.06843115952242,147.6083012202583,,5,0.0,116.06843115952242,
config_B,test,850000,0.0,0.0,175.21894836519814,147.7628566445583,,5,0.0,175.21894836519814,
config_B,test,900000,0.0,0.0,228.78326549983808,244.22780585311037,,5,0.0,228.78326549983808,
config_B,test,950000,0.0,0.0,147.92265776629387,133.28414713357526,,5,0.0,147.92265776629387,
config_B,test,1000000,0.0,0.0,539.0396522001458,474.56290392339326,,5,0.0,539.0396522001458,
config_B,test,1050000,0.0,0.0,534.4007362950924,358.8029429124351,,5,0.0,534.4007362950924,
config_B,test,1100000,0.04,0.0894427190999916,858.3181865702427,776.3568141810055,70.0,5,0.04,858.3181865702427,70.0
config_B,test,1150000,0.08,0.1788854381999832,600.4277018371631,429.3346229773245,75.5,5,0.08,600.4277018371631,75.5
config_B,test,1200000,0.08,0.1788854381999832,775.8701100900034,608.0055455278874,82.0,5,0.08,775.8701100900034,82.0
config_B,test,1250000,0.08,0.1788854381999832,840.0607638487036,562.4000656497434,64.0,5,0.08,840.0607638487036,64.0
config_B,test,1300000,0.12,0.2683281572999748,683.524683992598,360.86910470879985,78.33333333333333,5,0.12,683.524683992598,78.33333333333333
config_B,test,1350000,0.08,0.1788854381999832,889.7157425216258,690.7184400147186,72.5,5,0.08,889.7157425216258,72.5
config_B,test,1400000,0.08,0.1788854381999832,904.0031184938729,705.1808555076287,74.0,5,0.08,904.0031184938729,74.0
config_B,test,1450000,0.16,0.3577708763999664,696.0743698662228,494.71777290731836,74.25,5,0.16,696.0743698662228,74.25
config_B,test,1500000,0.12,0.2683281572999748,645.5431813521075,612.289012320229,86.0,5,0.12,645.5431813521075,86.0
config_B,test,1550000,0.2,0.447213595499958,684.3133890113332,686.3255609379072,75.0,5,0.2,684.3133890113332,75.0
config_B,test,1600000,0.2,0.447213595499958,796.0839262349775,675.4836899040873,62.2,5,0.2,796.0839262349775,62.2
config_B,test,1650000,0.2,0.447213595499958,736.3685261556344,894.9993647250684,64.8,5,0.2,736.3685261556344,64.8
config_B,test,1700000,0.2,0.447213595499958,573.6111843111042,468.94809616544484,70.8,5,0.2,573.6111843111042,70.8
config_B,test,1750000,0.16,0.3577708763999664,976.4200178723149,900.6981593604507,90.5,5,0.16,976.4200178723149,90.5
config_B,test,1800000,0.24,0.32863353450309973,772.404122727078,919.7184613620815,145.33333333333334,5,0.24,772.404122727078,145.33333333333334
config_B,test,1850000,0.32,0.46043457732885357,713.6848425051415,552.5294448286126,64.43333333333334,5,0.32,713.6848425051415,64.43333333333334
config_B,test,1900000,0.4,0.4,495.24503342683573,388.3471117631472,100.08333333333333,5,0.4,495.24503342683573,100.08333333333333
config_B,test,1950000,0.44000000000000006,0.4560701700396552,460.96978974648357,499.24049784565227,85.78333333333335,5,0.44000000000000006,460.96978974648357,85.78333333333335
config_B,test,2000000,0.4,0.469041575982343,435.9990578255154,388.60404384010917,65.76666666666667,5,0.4,435.9990578255154,65.76666666666667
config_B,test,2050000,0.44000000000000006,0.5176871642217914,411.74847023223845,426.40165302011,78.86666666666666,5,0.44000000000000006,411.74847023223845,78.86666666666666
config_B,test,2100000,0.4,0.37416573867739417,424.5414626779266,421.77925745567836,73.25,5,0.4,424.5414626779266,73.25
config_B,test,2150000,0.44000000000000006,0.433589667773576,642.0381853356163,549.047641234599,65.31111111111112,5,0.44000000000000006,642.0381853356163,65.31111111111112
config_B,test,2200000,0.52,0.5019960159204453,546.0427762694346,603.8105951340204,61.91111111111112,5,0.52,546.0427762694346,61.91111111111112
config_B,test,2250000,0.5599999999999999,0.5176871642217914,485.03424274495666,475.1373059908561,61.550000000000004,5,0.5599999999999999,485.03424274495666,61.550000000000004
config_B,test,2300000,0.5599999999999999,0.5176871642217914,461.2237669632317,521.5693358673179,63.300000000000004,5,0.5599999999999999,461.2237669632317,63.300000000000004
config_B,test,2350000,0.5599999999999999,0.5176871642217914,579.7152974800522,633.4392396650156,92.64999999999999,5,0.5599999999999999,579.7152974800522,92.64999999999999
config_B,test,2400000,0.44000000000000006,0.4560701700396552,710.606146744433,832.076289706988,66.0,5,0.44000000000000006,710.606146744433,66.0
config_B,test,2450000,0.4800000000000001,0.4604345773288535,653.2744735185133,756.7552628428381,81.13333333333334,5,0.4800000000000001,653.2744735185133,81.13333333333334
config_B,test,2500000,0.52,0.48166378315169184,507.90473909431637,605.5881425675514,64.26666666666667,5,0.52,507.90473909431637,64.26666666666667
config_B,train,50000,0.0,0.0,18.092549497708,5.2358589324571705,,5,0.0,18.092549497708,
config_B,train,100000,0.0,0.0,23.136647273740486,4.622439099002537,,5,0.0,23.136647273740486,
config_B,train,150000,0.0,0.0,26.875913965721924,8.931336055652668,,5,0.0,26.875913965721924,
config_B,train,200000,0.0,0.0,31.817788913143993,10.67024442104466,,5,0.0,31.817788913143993,
config_B,train,250000,0.0,0.0,36.35483432233797,12.801074667919616,,5,0.0,36.35483432233797,
config_B,train,300000,0.0,0.0,30.800282107813103,9.722003873729143,,5,0.0,30.800282107813103,
config_B,train,350000,0.0,0.0,42.06803373515279,4.2723968862230555,,5,0.0,42.06803373515279,
config_B,train,400000,0.0,0.0,43.196038980281344,15.714331818986553,,5,0.0,43.196038980281344,
config_B,train,450000,0.0,0.0,37.92266017091932,10.317233231133507,,5,0.0,37.92266017091932,
config_B,train,500000,0.0,0.0,51.03246692823654,9.819693198620836,,5,0.0,51.03246692823654,
config_B,train,550000,0.0,0.0,60.05090160743837,30.46574908819294,,5,0.0,60.05090160743837,
config_B,train,600000,0.0,0.0,82.08585454983572,90.01248901946536,,5,0.0,82.08585454983572,
config_B,train,650000,0.0,0.0,113.89545074911568,87.4088821554624,,5,0.0,113.89545074911568,
config_B,train,700000,0.0,0.0,121.50752561826963,85.93201144872204,,5,0.0,121.50752561826963,
config_B,train,750000,0.0,0.0,183.62893793077973,69.52723981083709,,5,0.0,183.62893793077973,
config_B,train,800000,0.0,0.0,190.07864023683896,180.09454253072022,,5,0.0,190.07864023683896,
config_B,train,850000,0.0,0.0,198.83536209380014,123.4476315360178,,5,0.0,198.83536209380014,
config_B,train,900000,0.0,0.0,237.7475390461591,178.48824860755533,,5,0.0,237.7475390461591,
config_B,train,950000,0.0,0.0,209.138900301992,128.4029940094603,,5,0.0,209.138900301992,
config_B,train,1000000,0.0,0.0,709.7876487391616,263.33867370570727,,5,0.0,709.7876487391616,
config_B,train,1050000,0.013333333333333319,0.029814239699997164,718.3505443254841,272.8784687073846,190.0,5,0.013333333333333319,718.3505443254841,190.0
config_B,train,1100000,0.03555555555555554,0.05794846582402353,757.1216973905808,401.5916805773432,163.08333333333331,5,0.03555555555555554,757.1216973905808,163.08333333333331
config_B,train,1150000,0.06222222222222222,0.13913311859998692,681.66790092937,468.27731366291835,82.85714285714286,5,0.06222222222222222,681.66790092937,82.85714285714286
config_B,train,1200000,0.08444444444444445,0.17666317257201591,799.4173603896287,333.07122658107915,139.13888888888889,5,0.08444444444444445,799.4173603896287,139.13888888888889
config_B,train,1250000,0.08888888888888888,0.1987615979999813,855.4911709576503,403.4436341597839,73.95,5,0.08888888888888888,855.4911709576503,73.95
config_B,train,1300000,0.12,0.2683281572999748,814.2521247889359,218.93730995504566,83.18518518518519,5,0.12,814.2521247889359,83.18518518518519
config_B,train,1350000,0.13333333333333333,0.2739739556875101,886.1173805170101,285.6223695674638,147.85714285714286,5,0.13333333333333333,886.1173805170101,147.85714285714286
config_B,train,1400000,0.11555555555555555,0.2461556267741865,963.8132590962717,373.0571824426684,74.62,5,0.11555555555555555,963.8132590962717,74.62
config_B,train,1450000,0.14222222222222222,0.3180185567999701,786.0787135816048,369.25738492452655,73.25,5,0.14222222222222222,786.0787135816048,73.25
config_B,train,1500000,0.14222222222222222,0.3180185567999701,897.5075640399722,376.9742174656246,88.65625,5,0.14222222222222222,897.5075640399722,88.65625
config_B,train,1550000,0.1688888888888889,0.3776470361999645,941.0850368672598,521.4624921937676,81.3157894736842,5,0.1688888888888889,941.0850368672598,81.3157894736842
config_B,train,1600000,0.19111111111111106,0.41502640106413335,857.7797677910241,668.9999138516775,87.23809523809524,5,0.19111111111111106,857.7797677910241,87.23809523809524
config_B,train,1650000,0.19555555555555554,0.4249618719280503,895.8433605578178,852.3933423657974,79.40697674418604,5,0.19555555555555554,895.8433605578178,79.40697674418604
config_B,train,1700000,0.19111111111111112,0.4273374356999598,949.2288906190877,733.5876258100789,69.6046511627907,5,0.19111111111111112,949.2288906190877,69.6046511627907
config_B,train,1750000,0.15555555555555553,0.33554819712314443,1163.0952064415274,922.5572644455028,127.10294117647058,5,0.15555555555555553,1163.0952064415274,127.10294117647058
config_B,train,1800000,0.1911111111111111,0.41502640106413335,1140.901612487365,1037.0779757346281,128.14285714285714,5,0.1911111111111111,1140.901612487365,128.14285714285714
config_B,train,1850000,0.3466666666666666,0.44266309681737714,760.0803633290864,375.4758873488135,72.66914682539682,5,0.3466666666666666,760.0803633290864,72.66914682539682
config_B,train,1900000,0.3333333333333333,0.42339019740572553,681.2750119965915,445.54518096492575,68.1997311827957,5,0.3333333333333333,681.2750119965915,68.1997311827957
config_B,train,1950000,0.36444444444444446,0.4484816634703539,708.7616400745779,455.0310513805862,66.27260981912144,5,0.36444444444444446,708.7616400745779,66.27260981912144
config_B,train,2000000,0.4133333333333333,0.5267182346999504,651.6061855431844,584.7700758718412,96.36616161616162,5,0.4133333333333333,651.6061855431844,96.36616161616162
config_B,train,2050000,0.4311111111111111,0.5231905915263848,574.7303577656857,490.30246214880657,70.54603174603174,5,0.4311111111111111,574.7303577656857,70.54603174603174
config_B,train,2100000,0.42666666666666664,0.4625212707821402,647.1543702674364,532.9427802540955,70.15219867851447,5,0.42666666666666664,647.1543702674364,70.15219867851447
config_B,train,2150000,0.46222222222222226,0.4927624324304916,684.3029826205235,669.1738895781638,65.60894702842377,5,0.46222222222222226,684.3029826205235,65.60894702842377
config_B,train,2200000,0.49333333333333335,0.5002221728614418,640.6084447020312,581.0928006862007,61.11640211640212,5,0.49333333333333335,640.6084447020312,61.11640211640212
config_B,train,2250000,0.5155555555555555,0.49675490143406276,657.2683873212438,572.5483635461482,62.3020202020202,5,0.5155555555555555,657.2683873212438,62.3020202020202
config_B,train,2300000,0.5244444444444445,0.5029787811836476,660.3148091102755,556.8724236425618,65.6037037037037,5,0.5244444444444445,660.3148091102755,65.6037037037037
config_B,train,2350000,0.52,0.5019960159204453,714.6710249648598,620.3887111191244,77.62962962962963,5,0.52,714.6710249648598,77.62962962962963
config_B,train,2400000,0.52,0.5019960159204453,657.5507271638198,607.1379369584917,68.90123456790123,5,0.52,657.5507271638198,68.90123456790123
config_B,train,2450000,0.4666666666666666,0.49839247760012895,839.7264726492922,792.8755951765196,65.51679292929293,5,0.4666666666666666,839.7264726492922,65.51679292929293
config_B,train,2500000,0.5288888888888889,0.5041555707380142,655.2000000045839,579.3668153231665,61.694252873563215,5,0.5288888888888889,655.2000000045839,61.694252873563215
config_C,test,50000,0.0,0.0,17.05764202674087,7.123605717773219,,5,0.0,17.05764202674087,
config_C,test,100000,0.0,0.0,17.011217495769408,9.370679735257625,,5,0.0,17.011217495769408,
config_C,test,150000,0.0,0.0,27.373517955631304,6.3724722142004335,,5,0.0,27.373517955631304,
config_C,test,200000,0.0,0.0,53.42852668261732,76.45235105472167,,5,0.0,53.42852668261732,
config_C,test,250000,0.0,0.0,21.892594735433608,10.433159448977694,,5,0.0,21.892594735433608,
config_C,test,300000,0.0,0.0,50.976380445133074,76.56183721841202,,5,0.0,50.976380445133074,
config_C,test,350000,0.0,0.0,99.89441765913796,134.78772707699306,,5,0.0,99.89441765913796,
config_C,test,400000,0.0,0.0,17.222999206700713,6.249650722230996,,5,0.0,17.222999206700713,
config_C,test,450000,0.0,0.0,20.669332443062814,6.823626157746047,,5,0.0,20.669332443062814,
config_C,test,500000,0.0,0.0,14.745279526368112,8.335638591978983,,5,0.0,14.745279526368112,
config_C,test,550000,0.0,0.0,54.30388076269384,93.72352105586549,,5,0.0,54.30388076269384,
config_C,test,600000,0.0,0.0,141.21106864687917,132.27810802217874,,5,0.0,141.21106864687917,
config_C,test,650000,0.0,0.0,51.93454554331139,88.97318948434683,,5,0.0,51.93454554331139,
config_C,test,700000,0.0,0.0,49.099826620776746,79.1460241396047,,5,0.0,49.099826620776746,
config_C,test,750000,0.0,0.0,12.352760082925492,4.606629074785991,,5,0.0,12.352760082925492,
config_C,test,800000,0.0,0.0,111.52730595730903,190.0582647447412,,5,0.0,111.52730595730903,
config_C,test,850000,0.0,0.0,104.95872419825805,163.10947715848468,,5,0.0,104.95872419825805,
config_C,test,900000,0.0,0.0,52.67298959040505,62.53838070816603,,5,0.0,52.67298959040505,
config_C,test,950000,0.0,0.0,102.6237404187256,122.96501874928535,,5,0.0,102.6237404187256,
config_C,test,1000000,0.0,0.0,136.09438078879086,150.8807270000243,,5,0.0,136.09438078879086,
config_C,test,1050000,0.0,0.0,175.80287811552117,122.46145587943353,,5,0.0,175.80287811552117,
config_C,test,1100000,0.0,0.0,36.82500354073891,36.29477726243688,,5,0.0,36.82500354073891,
config_C,test,1150000,0.0,0.0,118.03676111694358,205.013969391554,,5,0.0,118.03676111694358,
config_C,test,1200000,0.0,0.0,162.1009639403694,166.37457030601655,,5,0.0,162.1009639403694,
config_C,test,1250000,0.0,0.0,270.95995328616914,280.22389619825213,,5,0.0,270.95995328616914,
config_C,test,1300000,0.0,0.0,243.1540439317941,205.79102369207502,,5,0.0,243.1540439317941,
config_C,test,1350000,0.0,0.0,245.6851349322895,304.28305367541276,,5,0.0,245.6851349322895,
config_C,test,1400000,0.0,0.0,105.31412170595308,108.11851145051466,,5,0.0,105.31412170595308,
config_C,test,1450000,0.04,0.0894427190999916,279.71246834005575,402.04966643001666,291.0,5,0.04,279.71246834005575,291.0
config_C,test,1500000,0.0,0.0,354.5037713431882,457.24623994973433,,5,0.0,354.5037713431882,
config_C,test,1550000,0.0,0.0,321.1312583412754,473.44820481935017,,5,0.0,321.1312583412754,
config_C,test,1600000,0.0,0.0,268.8631419148583,437.4445039627552,,5,0.0,268.8631419148583,
config_C,test,1650000,0.04,0.0894427190999916,300.2971780626246,355.76684443417025,92.0,5,0.04,300.2971780626246,92.0
config_C,test,1700000,0.04,0.0894427190999916,394.11423735061584,515.1756387629831,87.0,5,0.04,394.11423735061584,87.0
config_C,test,1750000,0.04,0.0894427190999916,489.3547394458361,590.8524920374716,180.0,5,0.04,489.3547394458361,180.0
config_C,test,1800000,0.08,0.1788854381999832,371.8822599075042,370.6749678930684,137.5,5,0.08,371.8822599075042,137.5
config_C,test,1850000,0.16,0.3577708763999664,275.74949774167254,295.61286514235826,174.5,5,0.16,275.74949774167254,174.5
config_C,test,1900000,0.12,0.2683281572999748,270.69721181644763,337.8925810326463,77.66666666666667,5,0.12,270.69721181644763,77.66666666666667
config_C,test,1950000,0.16,0.3577708763999664,407.1710868491276,601.3020128650356,96.5,5,0.16,407.1710868491276,96.5
config_C,test,2000000,0.24,0.43358966777357605,484.50670279908263,639.0912038957392,74.3,5,0.24,484.50670279908263,74.3
config_C,test,2050000,0.16,0.3577708763999664,413.94096123778866,636.2889506314147,75.5,5,0.16,413.94096123778866,75.5
config_C,test,2100000,0.16,0.3577708763999664,546.1177990071602,674.393878947609,76.75,5,0.16,546.1177990071602,76.75
config_C,test,2150000,0.16,0.3577708763999664,464.74552398825324,511.8155642533062,106.0,5,0.16,464.74552398825324,106.0
config_C,test,2200000,0.12,0.2683281572999748,431.9897805167273,516.3409995167364,108.33333333333331,5,0.12,431.9897805167273,108.33333333333331
config_C,test,2250000,0.08,0.10954451150103323,320.1909487962403,310.2163136288266,97.5,5,0.08,320.1909487962403,97.5
config_C,test,2300000,0.0,0.0,290.51702206291657,285.78122514496243,,5,0.0,290.51702206291657,
config_C,test,2350000,0.04,0.0894427190999916,148.60836809471485,193.09629529085777,62.0,5,0.04,148.60836809471485,62.0
config_C,test,2400000,0.0,0.0,409.0367185899981,775.7066091963054,,5,0.0,409.0367185899981,
config_C,test,2450000,0.08,0.1788854381999832,211.75886116841266,310.6943479727413,80.5,5,0.08,211.75886116841266,80.5
config_C,test,2500000,0.12,0.2683281572999748,122.86821579225776,171.16853007329732,95.66666666666669,5,0.12,122.86821579225776,95.66666666666669
config_C,train,50000,0.0,0.0,28.84630618124047,21.457996995022132,,5,0.0,28.84630618124047,
config_C,train,100000,0.0,0.0,24.377056120652743,8.689316226222402,,5,0.0,24.377056120652743,
config_C,train,150000,0.0,0.0,54.27530387287989,29.979440826073212,,5,0.0,54.27530387287989,
config_C,train,200000,0.0,0.0,51.633121099621405,48.52007993484678,,5,0.0,51.633121099621405,
config_C,train,250000,0.0,0.0,24.1122190826871,15.683353778896342,,5,0.0,24.1122190826871,
config_C,train,300000,0.00444444444444444,0.009938079899999053,58.09641886950195,40.341529865984064,83.0,5,0.00444444444444444,58.09641886950195,83.0
config_C,train,350000,0.0,0.0,45.439188531652995,35.31673198203047,,5,0.0,45.439188531652995,
config_C,train,400000,0.0,0.0,32.673864633188835,26.75355101696886,,5,0.0,32.673864633188835,
config_C,train,450000,0.00444444444444444,0.009938079899999053,55.15251203866558,52.685414945981236,205.0,5,0.00444444444444444,55.15251203866558,205.0
config_C,train,500000,0.0,0.0,74.77379836067377,80.3350825273207,,5,0.0,74.77379836067377,
config_C,train,550000,0.0,0.0,52.01320392771405,47.334789485892315,,5,0.0,52.01320392771405,
config_C,train,600000,0.0,0.0,70.40122575248122,36.83446002471168,,5,0.0,70.40122575248122,
config_C,train,650000,0.0,0.0,73.11101868873926,51.93628474604626,,5,0.0,73.11101868873926,
config_C,train,700000,0.0,0.0,87.4908063679904,63.21838863332999,,5,0.0,87.4908063679904,
config_C,train,750000,0.0,0.0,48.896100115067576,26.89306401794534,,5,0.0,48.896100115067576,
config_C,train,800000,0.0,0.0,54.80116599121012,24.86033452205512,,5,0.0,54.80116599121012,
config_C,train,850000,0.00888888888888888,0.012171612389003678,44.650752766234305,47.813107149526196,100.0,5,0.00888888888888888,44.650752766234305,100.0
config_C,train,900000,0.00444444444444444,0.009938079899999053,80.62473837887593,46.32585297917356,482.0,5,0.00444444444444444,80.62473837887593,482.0
config_C,train,950000,0.0,0.0,95.7205775784449,51.423111751668294,,5,0.0,95.7205775784449,
config_C,train,1000000,0.013333333333333319,0.029814239699997164,200.49619626813404,193.41228217550017,65.66666666666667,5,0.013333333333333319,200.49619626813404,65.66666666666667
config_C,train,1050000,0.01777777777777776,0.024343224778007357,163.97191764267671,158.5418442179168,194.5,5,0.01777777777777776,163.97191764267671,194.5
config_C,train,1100000,0.00444444444444444,0.009938079899999053,247.71433204351152,228.02698576911297,56.0,5,0.00444444444444444,247.71433204351152,56.0
config_C,train,1150000,0.01777777777777776,0.024343224778007357,163.61660827023834,123.07684881729728,125.25,5,0.01777777777777776,163.61660827023834,125.25
config_C,train,1200000,0.013333333333333319,0.029814239699997164,248.2807581412272,220.70911497211878,146.66666666666666,5,0.013333333333333319,248.2807581412272,146.66666666666666
config_C,train,1250000,0.013333333333333319,0.01987615979999811,211.7006823694353,187.83505784188478,145.0,5,0.013333333333333319,211.7006823694353,145.0
config_C,train,1300000,0.00444444444444444,0.009938079899999053,210.7707429710697,242.92663400841977,101.0,5,0.00444444444444444,210.7707429710697,101.0
config_C,train,1350000,0.026666666666666637,0.03975231959999622,218.98031706943212,247.6815602372852,119.625,5,0.026666666666666637,218.98031706943212,119.625
config_C,train,1400000,0.00444444444444444,0.009938079899999053,211.34646217614963,285.1954537901889,73.0,5,0.00444444444444444,211.34646217614963,73.0
config_C,train,1450000,0.00444444444444444,0.009938079899999053,184.90389782821185,229.41851839429125,239.0,5,0.00444444444444444,184.90389782821185,239.0
config_C,train,1500000,0.00888888888888888,0.019876159799998107,201.60961799265792,219.78036448309012,172.0,5,0.00888888888888888,201.60961799265792,172.0
config_C,train,1550000,0.00444444444444444,0.009938079899999053,257.4842015532267,351.03158777566864,449.0,5,0.00444444444444444,257.4842015532267,449.0
config_C,train,1600000,0.0,0.0,232.50378566597237,267.65524231837736,,5,0.0,232.50378566597237,
config_C,train,1650000,0.00888888888888888,0.019876159799998107,273.88265408765875,259.4742642195568,74.5,5,0.00888888888888888,273.88265408765875,74.5
config_C,train,1700000,0.00888888888888888,0.019876159799998107,379.3150542240241,315.1189983609093,86.0,5,0.00888888888888888,379.3150542240241,86.0
config_C,train,1750000,0.03999999999999998,0.0776188853181021,503.55625576835257,637.1330139657666,96.1875,5,0.03999999999999998,503.55625576835257,96.1875
config_C,train,1800000,0.0711111111111111,0.15900927839998502,333.6562851439859,278.17039332013456,95.3125,5,0.0711111111111111,333.6562851439859,95.3125
config_C,train,1850000,0.09333333333333334,0.20869967789998037,300.1011697255143,259.14167402309357,94.95238095238096,5,0.09333333333333334,300.1011697255143,94.95238095238096
config_C,train,1900000,0.10666666666666666,0.23851391759997753,357.08970031260986,318.34281240181787,100.29166666666669,5,0.10666666666666666,357.08970031260986,100.29166666666669
config_C,train,1950000,0.07555555555555554,0.1568202556833542,380.1205876807313,262.7198935045482,92.65625,5,0.07555555555555554,380.1205876807313,92.65625
config_C,train,2000000,0.08888888888888888,0.1987615979999813,397.6373077943043,334.90396655908063,86.65,5,0.08888888888888888,397.6373077943043,86.65
config_C,train,2050000,0.09333333333333334,0.20869967789998037,371.1184174196593,292.05590909773946,82.47619047619048,5,0.09333333333333334,371.1184174196593,82.47619047619048
config_C,train,2100000,0.0711111111111111,0.15900927839998502,527.136904657333,489.6598956620484,89.625,5,0.0711111111111111,527.136904657333,89.625
config_C,train,2150000,0.08444444444444445,0.17666317257201591,418.2220403955358,384.62304915997015,83.19444444444444,5,0.08444444444444445,418.2220403955358,83.19444444444444
config_C,train,2200000,0.09333333333333332,0.18418991808979643,338.6386602213394,239.79787165810052,109.26315789473684,5,0.09333333333333332,338.6386602213394,109.26315789473684
config_C,train,2250000,0.0311111111111111,0.048686449556014755,248.8309615729867,154.65741979020993,90.45,5,0.0311111111111111,248.8309615729867,90.45
config_C,train,2300000,0.05777777777777776,0.10610965676722951,297.68945710597535,299.0471457508969,133.70454545454544,5,0.05777777777777776,297.68945710597535,133.70454545454544
config_C,train,2350000,0.02666666666666666,0.048176629752619556,289.7636992796749,341.6613504121073,127.1,5,0.02666666666666666,289.7636992796749,127.1
config_C,train,2400000,0.03555555555555554,0.07950463919999248,275.1711042163009,399.4662571863583,109.5,5,0.03555555555555554,275.1711042163009,109.5
config_C,train,2450000,0.08888888888888888,0.1987615979999813,189.61077788808777,212.3657640899354,105.15,5,0.08888888888888888,189.61077788808777,105.15
config_C,train,2500000,0.0711111111111111,0.15900927839998502,202.81629143673175,163.93774461319967,110.3125,5,0.0711111111111111,202.81629143673175,110.3125
config_D,test,50000,0.0,0.0,19.318997487744078,6.744106079696562,,5,0.0,19.318997487744078,
config_D,test,100000,0.0,0.0,43.124027861069564,56.301000181264186,,5,0.0,43.124027861069564,
config_D,test,150000,0.0,0.0,18.50849628499569,8.839661075902487,,5,0.0,18.50849628499569,
config_D,test,200000,0.0,0.0,19.40752475657011,10.38733982931143,,5,0.0,19.40752475657011,
config_D,test,250000,0.0,0.0,22.7639198774392,10.987855097874249,,5,0.0,22.7639198774392,
config_D,test,300000,0.0,0.0,22.59231516571961,9.846663038933805,,5,0.0,22.59231516571961,
config_D,test,350000,0.0,0.0,26.802030763043227,11.237116763687306,,5,0.0,26.802030763043227,
config_D,test,400000,0.0,0.0,54.00970157013387,51.69356494115125,,5,0.0,54.00970157013387,
config_D,test,450000,0.0,0.0,43.51819841195224,38.75877442104142,,5,0.0,43.51819841195224,
config_D,test,500000,0.0,0.0,41.15870182955224,24.164658779619952,,5,0.0,41.15870182955224,
config_D,test,550000,0.0,0.0,117.2784983314903,71.39167469080772,,5,0.0,117.2784983314903,
config_D,test,600000,0.0,0.0,155.33106492050524,105.51336269458443,,5,0.0,155.33106492050524,
config_D,test,650000,0.0,0.0,203.02543963894018,234.92049100785857,,5,0.0,203.02543963894018,
config_D,test,700000,0.0,0.0,226.59218370520165,236.34584780222698,,5,0.0,226.59218370520165,
config_D,test,750000,0.0,0.0,274.662079475477,247.86930042351122,,5,0.0,274.662079475477,
config_D,test,800000,0.0,0.0,53.32829646211987,53.9114725564315,,5,0.0,53.32829646211987,
config_D,test,850000,0.0,0.0,91.4338412819061,104.8623178950432,,5,0.0,91.4338412819061,
config_D,test,900000,0.0,0.0,196.97487838514527,253.7351585207261,,5,0.0,196.97487838514527,
config_D,test,950000,0.04,0.0894427190999916,100.6997711795083,118.29388708080528,107.0,5,0.04,100.6997711795083,107.0
config_D,test,1000000,0.16,0.2607680962081059,1017.9538340992407,725.2334045775191,86.5,5,0.16,1017.9538340992407,86.5
config_D,test,1050000,0.16,0.16733200530681513,1150.8086695582422,814.4286852742641,170.0,5,0.16,1150.8086695582422,170.0
config_D,test,1100000,0.32,0.30331501776206204,931.4116372310607,722.685834057556,123.0,5,0.32,931.4116372310607,123.0
config_D,test,1150000,0.32,0.30331501776206204,663.6473704396918,567.3788623575922,103.75,5,0.32,663.6473704396918,103.75
config_D,test,1200000,0.28,0.33466401061363027,1008.3474567618621,1005.4424176696783,69.83333333333333,5,0.28,1008.3474567618621,69.83333333333333
config_D,test,1250000,0.4,0.19999999999999996,1010.6621593794622,1050.425529474542,87.13333333333333,5,0.4,1010.6621593794622,87.13333333333333
config_D,test,1300000,0.4,0.2449489742783178,751.0949219098421,743.7501975454613,114.95833333333333,5,0.4,751.0949219098421,114.95833333333333
config_D,test,1350000,0.4,0.19999999999999998,713.8890663601371,663.7021996703007,88.33333333333333,5,0.4,713.8890663601371,88.33333333333333
config_D,test,1400000,0.64,0.43358966777357594,404.21827188018824,228.5654489810466,73.5125,5,0.64,404.21827188018824,73.5125
config_D,test,1450000,0.5599999999999999,0.3286335345030997,394.635559778544,222.32271370638358,107.85,5,0.5599999999999999,394.635559778544,107.85
config_D,test,1500000,0.56,0.35777087639996635,452.25224421117434,501.5072757243338,69.9375,5,0.56,452.25224421117434,69.9375
config_D,test,1550000,0.48,0.3346640106136302,120.31461073585805,60.34722324083409,66.97999999999999,5,0.48,120.31461073585805,66.97999999999999
config_D,test,1600000,0.44000000000000006,0.3286335345030997,287.6656372175988,219.48019919703236,62.29166666666667,5,0.44000000000000006,287.6656372175988,62.29166666666667
config_D,test,1650000,0.64,0.40987803063838396,249.74781332546416,138.6563680555945,77.6,5,0.64,249.74781332546416,77.6
config_D,test,1700000,0.5599999999999999,0.3286335345030996,424.796825805159,233.8274463556229,74.77083333333333,5,0.5599999999999999,424.796825805159,74.77083333333333
config_D,test,1750000,0.68,0.38987177379235854,218.74072021523594,80.76267896320545,71.175,5,0.68,218.74072021523594,71.175
config_D,test,1800000,0.72,0.3898717737923585,423.81435880580455,199.57776649226903,84.64,5,0.72,423.81435880580455,84.64
config_D,test,1850000,0.6,0.31622776601683794,282.2293192191139,127.91589655887725,79.92333333333333,5,0.6,282.2293192191139,79.92333333333333
config_D,test,1900000,0.68,0.30331501776206204,347.55435519227876,208.5827038423996,80.55666666666666,5,0.68,347.55435519227876,80.55666666666666
config_D,test,1950000,0.72,0.4147288270665544,258.7287344832911,118.69103944501452,78.45,5,0.72,258.7287344832911,78.45
config_D,test,2000000,0.64,0.433589667773576,270.83034399591526,118.46613939456103,79.3625,5,0.64,270.83034399591526,79.3625
config_D,test,2050000,0.64,0.2966479394838265,201.03771525051002,130.2685583426012,83.26666666666668,5,0.64,201.03771525051002,83.26666666666668
config_D,test,2100000,0.56,0.3286335345030997,202.0952308932382,54.742567697500405,70.76,5,0.56,202.0952308932382,70.76
config_D,test,2150000,0.64,0.43358966777357594,150.187764084199,80.16407868507136,75.8625,5,0.64,150.187764084199,75.8625
config_D,test,2200000,0.72,0.3898717737923585,187.20451492066996,90.49213018436006,83.52000000000001,5,0.72,187.20451492066996,83.52000000000001
config_D,test,2250000,0.6799999999999999,0.41472882706655445,167.62824286815888,93.54309886467023,63.56666666666666,5,0.6799999999999999,167.62824286815888,63.56666666666666
config_D,test,2300000,0.5599999999999999,0.35777087639996635,257.46725419317863,225.02484586503593,76.71000000000001,5,0.5599999999999999,257.46725419317863,76.71000000000001
config_D,test,2350000,0.64,0.40987803063838396,361.03827601746394,282.43723875218967,64.75,5,0.64,361.03827601746394,64.75
config_D,test,2400000,0.6799999999999999,0.3346640106136302,216.9666493144896,237.12275922013464,64.08,5,0.6799999999999999,216.9666493144896,64.08
config_D,test,2450000,0.8,0.34641016151377546,134.42744013224174,40.88520179176319,66.8,5,0.8,134.42744013224174,66.8
config_D,test,2500000,0.6,0.37416573867739417,162.16696894463502,175.51715285281122,57.90833333333333,5,0.6,162.16696894463502,57.90833333333333
config_D,train,50000,0.0,0.0,21.490802456053913,4.6419615528580245,,5,0.0,21.490802456053913,
config_D,train,100000,0.0,0.0,22.650013611539,5.338781005924372,,5,0.0,22.650013611539,
config_D,train,150000,0.0,0.0,18.213552281802535,7.757812364154574,,5,0.0,18.213552281802535,
config_D,train,200000,0.0,0.0,30.396162268877873,20.28826940831822,,5,0.0,30.396162268877873,
config_D,train,250000,0.0,0.0,35.24457446372766,31.66288196531899,,5,0.0,35.24457446372766,
config_D,train,300000,0.0,0.0,23.927848302647003,11.778586813747594,,5,0.0,23.927848302647003,
config_D,train,350000,0.0,0.0,49.210438097045866,32.88775067094917,,5,0.0,49.210438097045866,
config_D,train,400000,0.0,0.0,65.60750717900783,61.51235754920313,,5,0.0,65.60750717900783,
config_D,train,450000,0.0,0.0,50.37620726757393,31.25262601621031,,5,0.0,50.37620726757393,
config_D,train,500000,0.0,0.0,87.18763343843162,43.954446361411804,,5,0.0,87.18763343843162,
config_D,train,550000,0.0,0.0,68.46352659468106,42.728501958489176,,5,0.0,68.46352659468106,
config_D,train,600000,0.0,0.0,88.73263009136532,52.016998590582126,,5,0.0,88.73263009136532,
config_D,train,650000,0.00444444444444444,0.009938079899999055,137.83731623391984,113.58653917952421,131.0,5,0.00444444444444444,137.83731623391984,131.0
config_D,train,700000,0.00444444444444444,0.009938079899999055,152.56745854936648,142.74907159228852,86.0,5,0.00444444444444444,152.56745854936648,86.0
config_D,train,750000,0.0,0.0,115.14845478617777,94.07752565694686,,5,0.0,115.14845478617777,
config_D,train,800000,0.00888888888888888,0.01987615979999811,174.52273529936272,149.31055381514037,84.0,5,0.00888888888888888,174.52273529936272,84.0
config_D,train,850000,0.0,0.0,106.70663158007258,46.52562705032437,,5,0.0,106.70663158007258,
config_D,train,900000,0.00888888888888888,0.01987615979999811,147.37394076634797,117.15195979025317,144.5,5,0.00888888888888888,147.37394076634797,144.5
config_D,train,950000,0.02666666666666666,0.04817662975261955,175.51289473091347,111.52252760076642,138.5,5,0.02666666666666666,175.51289473091347,138.5
config_D,train,1000000,0.16444444444444445,0.28614077516124214,1140.539572979948,695.163783424242,90.14444444444445,5,0.16444444444444445,1140.539572979948,90.14444444444445
config_D,train,1050000,0.2311111111111111,0.3727111217107877,1008.0923449836498,740.7144108677028,201.83660714285713,5,0.2311111111111111,1008.0923449836498,201.83660714285713
config_D,train,1100000,0.3288888888888889,0.35914851290376754,869.7137892601395,554.7551060549191,97.77452619843925,5,0.3288888888888889,869.7137892601395,97.77452619843925
config_D,train,1150000,0.3911111111111111,0.28743222496897824,621.1850466697249,466.0676580948612,112.06031746031746,5,0.3911111111111111,621.1850466697249,112.06031746031746
config_D,train,1200000,0.4311111111111111,0.29673116236089764,713.0748495760944,470.02076319252325,93.94553507424476,5,0.4311111111111111,713.0748495760944,93.94553507424476
config_D,train,1250000,0.4888888888888888,0.2403700850309326,636.462138684273,425.18464161314546,87.24290124137323,5,0.4888888888888888,636.462138684273,87.24290124137323
config_D,train,1300000,0.49333333333333335,0.2737034531147051,505.28787614105374,263.36025425397173,85.34758584495427,5,0.49333333333333335,505.28787614105374,85.34758584495427
config_D,train,1350000,0.49777777777777776,0.21233562996606675,431.4417881836892,199.3767979044083,77.86804166459339,5,0.49777777777777776,431.4417881836892,77.86804166459339
config_D,train,1400000,0.5955555555555556,0.2877756327676386,399.7690015545448,177.47944240059374,76.12628543499511,5,0.5955555555555556,399.7690015545448,76.12628543499511
config_D,train,1450000,0.6,0.3079201435678004,359.9248128543137,167.73371429215317,77.66049586912874,5,0.6,359.9248128543137,77.66049586912874
config_D,train,1500000,0.6044444444444445,0.3779084741241122,460.5152697444122,318.19409904671573,94.676992481203,5,0.6044444444444445,460.5152697444122,94.676992481203
config_D,train,1550000,0.6133333333333333,0.21522311133872446,215.1643304058079,93.42215906924756,76.66171519112694,5,0.6133333333333333,215.1643304058079,76.66171519112694
config_D,train,1600000,0.6044444444444445,0.2786209425539108,260.0580460514403,182.06943981754205,75.44597573944546,5,0.6044444444444445,260.0580460514403,75.44597573944546
config_D,train,1650000,0.6488888888888888,0.37164964252656485,334.5497554988848,261.06453329522634,71.82064935064935,5,0.6488888888888888,334.5497554988848,71.82064935064935
config_D,train,1700000,0.6755555555555555,0.38955498510448183,285.5206032521967,136.50025133310496,77.62384149184149,5,0.6755555555555555,285.5206032521967,77.62384149184149
config_D,train,1750000,0.7066666666666667,0.36460700981322103,280.2916611477558,147.18924662693976,77.77539393939394,5,0.7066666666666667,280.2916611477558,77.77539393939394
config_D,train,1800000,0.6177777777777778,0.4272796522589953,292.28373636716924,97.089782012963,71.94443169233867,5,0.6177777777777778,292.28373636716924,71.94443169233867
config_D,train,1850000,0.6799999999999999,0.3466239289895436,235.203159476867,93.0663221679502,68.09362603663631,5,0.6799999999999999,235.203159476867,68.09362603663631
config_D,train,1900000,0.7288888888888888,0.3574256376083745,246.3329924897915,177.2457730102769,75.20507455507456,5,0.7288888888888888,246.3329924897915,75.20507455507456
config_D,train,1950000,0.72,0.35437303355867844,224.24011875488003,59.22993835529235,67.93228758169934,5,0.72,224.24011875488003,67.93228758169934
config_D,train,2000000,0.6088888888888888,0.38764881650570227,199.70910706803653,56.4726443404742,74.53594789356984,5,0.6088888888888888,199.70910706803653,74.53594789356984
config_D,train,2050000,0.6577777777777778,0.3536755854636936,225.8005016247499,82.09597597729595,67.61680031080031,5,0.6577777777777778,225.8005016247499,67.61680031080031
config_D,train,2100000,0.6,0.30184617127124724,201.29150077088406,94.4259429901357,74.64208654489143,5,0.6,201.29150077088406,74.64208654489143
config_D,train,2150000,0.6577777777777778,0.39302561723438484,195.64149374015975,57.38096449479463,86.16844754161828,5,0.6577777777777778,195.64149374015975,86.16844754161828
config_D,train,2200000,0.72,0.3831642139015788,211.3144324297094,55.50965433859991,70.2373754152824,5,0.72,211.3144324297094,70.2373754152824
config_D,train,2250000,0.7555555555555555,0.40338077468158545,222.96349147145474,132.63144165543875,64.27309465309466,5,0.7555555555555555,222.96349147145474,64.27309465309466
config_D,train,2300000,0.7022222222222222,0.3720480521201794,262.31413026292194,172.18152217817303,72.88199134199134,5,0.7022222222222222,262.31413026292194,72.88199134199134
config_D,train,2350000,0.7333333333333334,0.3373828100153106,209.74275106013383,117.47863610966584,67.74258624478136,5,0.7333333333333334,209.74275106013383,67.74258624478136
config_D,train,2400000,0.7422222222222221,0.36161503300991976,150.9878608936213,9.350494981661212,69.904221158958,5,0.7422222222222221,150.9878608936213,69.904221158958
config_D,train,2450000,0.7333333333333333,0.38745768387028207,160.74364469406203,48.63576045880848,64.87385294631929,5,0.7333333333333333,160.74364469406203,64.87385294631929
config_D,train,2500000,0.7066666666666667,0.3267498004571165,180.23174187101577,75.8437781041346,65.54961498769549,5,0.7066666666666667,180.23174187101577,65.54961498769549
config_E,test,50000,0.0,0.0,20.316615655876554,7.493571471537618,,5,0.0,20.316615655876554,
config_E,test,100000,0.0,0.0,20.64793271879189,7.203353281110974,,5,0.0,20.64793271879189,
config_E,test,150000,0.0,0.0,36.11297478829332,41.170732059745895,,5,0.0,36.11297478829332,
config_E,test,200000,0.0,0.0,21.649265782884015,8.288057441975784,,5,0.0,21.649265782884015,
config_E,test,250000,0.0,0.0,23.398204972434797,10.935518945209905,,5,0.0,23.398204972434797,
config_E,test,300000,0.0,0.0,33.46953353706667,39.276447812913574,,5,0.0,33.46953353706667,
config_E,test,350000,0.0,0.0,23.60992280586317,6.686353019099643,,5,0.0,23.60992280586317,
config_E,test,400000,0.0,0.0,69.89333536280976,60.9954268221143,,5,0.0,69.89333536280976,
config_E,test,450000,0.0,0.0,24.254689575829325,4.578904037467913,,5,0.0,24.254689575829325,
config_E,test,500000,0.0,0.0,48.13644884620844,42.58251230714228,,5,0.0,48.13644884620844,
config_E,test,550000,0.0,0.0,29.880553770310023,12.475010745803264,,5,0.0,29.880553770310023,
config_E,test,600000,0.0,0.0,100.65917377609911,170.1553104165317,,5,0.0,100.65917377609911,
config_E,test,650000,0.0,0.0,94.50158294729123,163.14353937291673,,5,0.0,94.50158294729123,
config_E,test,700000,0.0,0.0,173.3248473777491,147.02889243114896,,5,0.0,173.3248473777491,
config_E,test,750000,0.0,0.0,91.18023375964711,122.37027279890452,,5,0.0,91.18023375964711,
config_E,test,800000,0.0,0.0,98.93792413440534,141.81009860727133,,5,0.0,98.93792413440534,
config_E,test,850000,0.0,0.0,63.68272940101083,84.9297996367887,,5,0.0,63.68272940101083,
config_E,test,900000,0.0,0.0,98.34900549946184,175.70093602430208,,5,0.0,98.34900549946184,
config_E,test,950000,0.0,0.0,76.11852602880815,116.42037635675175,,5,0.0,76.11852602880815,
config_E,test,1000000,0.08,0.1788854381999832,291.2132663523559,290.50662781033736,119.5,5,0.08,291.2132663523559,119.5
config_E,test,1050000,0.16,0.3577708763999664,316.39396365435334,320.6642738972678,117.75,5,0.16,316.39396365435334,117.75
config_E,test,1100000,0.2,0.447213595499958,264.9148569209026,263.5898157910479,113.4,5,0.2,264.9148569209026,113.4
config_E,test,1150000,0.12,0.2683281572999748,351.1863218305677,266.6126891404838,171.0,5,0.12,351.1863218305677,171.0
config_E,test,1200000,0.16,0.3577708763999664,522.7016490010564,403.45633926542973,115.75,5,0.16,522.7016490010564,115.75
config_E,test,1250000,0.16,0.3577708763999664,272.8495231227058,277.72318191192295,131.5,5,0.16,272.8495231227058,131.5
config_E,test,1300000,0.12,0.2683281572999748,511.05341345005473,445.53306407087877,197.0,5,0.12,511.05341345005473,197.0
config_E,test,1350000,0.12,0.2683281572999748,399.98244978914676,380.852369996207,99.33333333333331,5,0.12,399.98244978914676,99.33333333333331
config_E,test,1400000,0.04,0.0894427190999916,487.2934447059124,403.2837111085051,118.0,5,0.04,487.2934447059124,118.0
config_E,test,1450000,0.04,0.0894427190999916,201.7243741583036,174.82327861574717,84.0,5,0.04,201.7243741583036,84.0
config_E,test,1500000,0.04,0.0894427190999916,289.72885734098577,345.27694141133577,86.0,5,0.04,289.72885734098577,86.0
config_E,test,1550000,0.16,0.3577708763999664,409.27969094063764,366.16712069096246,113.25,5,0.16,409.27969094063764,113.25
config_E,test,1600000,0.04,0.0894427190999916,503.6867464783908,435.49037184320935,154.0,5,0.04,503.6867464783908,154.0
config_E,test,1650000,0.04,0.0894427190999916,565.1772811992578,554.8316450345532,79.0,5,0.04,565.1772811992578,79.0
config_E,test,1700000,0.16,0.3577708763999664,307.41839006418627,271.0155609291435,92.75,5,0.16,307.41839006418627,92.75
config_E,test,1750000,0.12,0.2683281572999748,570.0991680428094,371.15420900167135,103.0,5,0.12,570.0991680428094,103.0
config_E,test,1800000,0.16,0.3577708763999664,449.87989563853273,410.67532571021275,87.75,5,0.16,449.87989563853273,87.75
config_E,test,1850000,0.08,0.1788854381999832,284.91801171647637,362.2251815091981,91.5,5,0.08,284.91801171647637,91.5
config_E,test,1900000,0.12,0.2683281572999748,282.28055496692565,395.4021463034029,78.0,5,0.12,282.28055496692565,78.0
config_E,test,1950000,0.12,0.2683281572999748,295.92126753314074,386.9610649598702,86.66666666666667,5,0.12,295.92126753314074,86.66666666666667
config_E,test,2000000,0.04,0.0894427190999916,276.1268717941925,265.11488416385134,66.0,5,0.04,276.1268717941925,66.0
config_E,test,2050000,0.08,0.1788854381999832,438.53911416636464,315.6445314493013,124.0,5,0.08,438.53911416636464,124.0
config_E,test,2100000,0.16,0.3577708763999664,329.25050626124505,271.04666374779634,104.25,5,0.16,329.25050626124505,104.25
config_E,test,2150000,0.08,0.1788854381999832,350.48686789727697,281.7720502454038,70.5,5,0.08,350.48686789727697,70.5
config_E,test,2200000,0.08,0.1788854381999832,330.1353748505309,357.10617402037144,64.0,5,0.08,330.1353748505309,64.0
config_E,test,2250000,0.08,0.1788854381999832,265.3540371882692,300.811901773281,60.0,5,0.08,265.3540371882692,60.0
config_E,test,2300000,0.08,0.1788854381999832,315.4053840461157,319.96684754146025,56.0,5,0.08,315.4053840461157,56.0
config_E,test,2350000,0.12,0.2683281572999748,419.35497850797594,312.5260017982055,75.0,5,0.12,419.35497850797594,75.0
config_E,test,2400000,0.12,0.2683281572999748,432.5619286931901,408.279404184759,71.33333333333333,5,0.12,432.5619286931901,71.33333333333333
config_E,test,2450000,0.12,0.2683281572999748,555.3598183025483,562.5593639670141,76.66666666666667,5,0.12,555.3598183025483,76.66666666666667
config_E,test,2500000,0.04,0.0894427190999916,342.3030622763923,401.4414581937091,63.0,5,0.04,342.3030622763923,63.0
config_E,train,50000,0.0,0.0,20.986952725937602,4.501083817175353,,5,0.0,20.986952725937602,
config_E,train,100000,0.0,0.0,22.29964754307483,7.2603642081541615,,5,0.0,22.29964754307483,
config_E,train,150000,0.0,0.0,19.12453137857701,9.615940204926218,,5,0.0,19.12453137857701,
config_E,train,200000,0.0,0.0,25.934324784483977,17.43229751625688,,5,0.0,25.934324784483977,
config_E,train,250000,0.0,0.0,26.684470477525203,14.544782953546385,,5,0.0,26.684470477525203,
config_E,train,300000,0.0,0.0,54.912513746315526,54.87444289187789,,5,0.0,54.912513746315526,
config_E,train,350000,0.0,0.0,51.08389547312156,32.93788218455018,,5,0.0,51.08389547312156,
config_E,train,400000,0.0,0.0,60.62222498088706,36.58328340881997,,5,0.0,60.62222498088706,
config_E,train,450000,0.0,0.0,39.5352166882666,13.523589655417167,,5,0.0,39.5352166882666,
config_E,train,500000,0.0,0.0,75.86487871935641,69.80757885738333,,5,0.0,75.86487871935641,
config_E,train,550000,0.0,0.0,62.089118111704934,39.88918555670695,,5,0.0,62.089118111704934,
config_E,train,600000,0.0,0.0,83.23380054225375,59.99131980893789,,5,0.0,83.23380054225375,
config_E,train,650000,0.0,0.0,93.46863886322724,126.89317222513108,,5,0.0,93.46863886322724,
config_E,train,700000,0.0,0.0,107.46102898788426,138.8824012698356,,5,0.0,107.46102898788426,
config_E,train,750000,0.0,0.0,78.77521467210978,74.33252919991433,,5,0.0,78.77521467210978,
config_E,train,800000,0.0,0.0,108.36808895365058,133.11999330698484,,5,0.0,108.36808895365058,
config_E,train,850000,0.0,0.0,87.83407757847003,114.05805918790115,,5,0.0,87.83407757847003,
config_E,train,900000,0.00888888888888888,0.019876159799998107,234.1350622961079,430.1631154246895,298.0,5,0.00888888888888888,234.1350622961079,298.0
config_E,train,950000,0.013333333333333319,0.029814239699997164,169.64624867575588,263.2000276725103,175.33333333333334,5,0.013333333333333319,169.64624867575588,175.33333333333334
config_E,train,1000000,0.17333333333333334,0.38758511609996354,340.6349686106826,255.09730156480168,141.3846153846154,5,0.17333333333333334,340.6349686106826,141.3846153846154
config_E,train,1050000,0.13777777777777778,0.30808047689997103,356.8215461849951,253.80548779474685,139.70967741935485,5,0.13777777777777778,356.8215461849951,139.70967741935485
config_E,train,1100000,0.13777777777777778,0.30808047689997103,275.0078295954776,202.03768987619532,116.25806451612904,5,0.13777777777777778,275.0078295954776,116.25806451612904
config_E,train,1150000,0.11111111111111112,0.24845199749997665,375.53548787568445,234.5578337052412,141.16,5,0.11111111111111112,375.53548787568445,141.16
config_E,train,1200000,0.10666666666666666,0.23851391759997756,436.5593169659008,265.2722612020515,128.66666666666666,5,0.10666666666666666,436.5593169659008,128.66666666666666
config_E,train,1250000,0.1288888888888889,0.28820431709997296,347.3939553285362,273.117372984248,104.6206896551724,5,0.1288888888888889,347.3939553285362,104.6206896551724
config_E,train,1300000,0.12,0.2683281572999748,376.914713684084,245.40434220348257,121.33333333333331,5,0.12,376.914713684084,121.33333333333331
config_E,train,1350000,0.10666666666666666,0.23851391759997756,489.52027673358754,320.62354020058086,113.54166666666669,5,0.10666666666666666,489.52027673358754,113.54166666666669
config_E,train,1400000,0.11111111111111112,0.24845199749997665,369.450840550696,201.72412513665608,110.28,5,0.11111111111111112,369.450840550696,110.28
config_E,train,1450000,0.13333333333333333,0.2981423969999719,299.9114516816413,199.47011246654154,110.36666666666666,5,0.13333333333333333,299.9114516816413,110.36666666666666
config_E,train,1500000,0.10666666666666666,0.23851391759997756,358.4999162285611,326.71566667607027,117.83333333333331,5,0.10666666666666666,358.4999162285611,117.83333333333331
config_E,train,1550000,0.11111111111111112,0.24845199749997665,424.76090780701463,404.9573739721024,96.12,5,0.11111111111111112,424.76090780701463,96.12
config_E,train,1600000,0.10222222222222221,0.2285758376999785,531.1049891138891,337.2188768849617,116.1304347826087,5,0.10222222222222221,531.1049891138891,116.1304347826087
config_E,train,1650000,0.12,0.2683281572999748,422.1574830529518,285.36780364621217,112.07407407407408,5,0.12,422.1574830529518,112.07407407407408
config_E,train,1700000,0.08888888888888888,0.1987615979999813,452.40103702826747,334.36823064583245,111.85,5,0.08888888888888888,452.40103702826747,111.85
config_E,train,1750000,0.12,0.2683281572999748,534.6272756703045,368.43606724918016,95.25925925925924,5,0.12,534.6272756703045,95.25925925925924
config_E,train,1800000,0.0711111111111111,0.15900927839998502,464.99938573505904,280.0500519740103,121.3125,5,0.0711111111111111,464.99938573505904,121.3125
config_E,train,1850000,0.0311111111111111,0.06956655929999343,351.92041045190723,247.8320211376383,110.57142857142856,5,0.0311111111111111,351.92041045190723,110.57142857142856
config_E,train,1900000,0.07555555555555554,0.16894735829998409,403.8682794103547,313.0562801871525,97.0,5,0.07555555555555554,403.8682794103547,97.0
config_E,train,1950000,0.13777777777777778,0.2834531337141039,389.94322779114566,301.2708661537393,113.6551724137931,5,0.13777777777777778,389.94322779114566,113.6551724137931
config_E,train,2000000,0.10666666666666665,0.22629599321068383,314.3898981507766,184.5076889141672,226.32608695652175,5,0.10666666666666665,314.3898981507766,226.32608695652175
config_E,train,2050000,0.0311111111111111,0.06956655929999343,394.37615027614004,305.33519952033464,108.85714285714286,5,0.0311111111111111,394.37615027614004,108.85714285714286
config_E,train,2100000,0.1511111111111111,0.3378947165999682,450.008902022489,374.4136059301528,91.88235294117646,5,0.1511111111111111,450.008902022489,91.88235294117646
config_E,train,2150000,0.12,0.24373634814571135,444.0123107237695,321.77175680964365,176.89333333333335,5,0.12,444.0123107237695,176.89333333333335
config_E,train,2200000,0.07555555555555554,0.14452988925785865,523.3428603436803,463.85823832864065,167.08888888888887,5,0.07555555555555554,523.3428603436803,167.08888888888887
config_E,train,2250000,0.13333333333333333,0.2739739556875101,427.82040862942847,339.2150803449289,127.0,5,0.13333333333333333,427.82040862942847,127.0
config_E,train,2300000,0.09333333333333334,0.20869967789998037,495.35392629273736,346.4063734662005,99.57142857142856,5,0.09333333333333334,495.35392629273736,99.57142857142856
config_E,train,2350000,0.1333333333333333,0.24993826398226648,512.2070189938679,379.03873077556955,234.95299145299145,5,0.1333333333333333,512.2070189938679,234.95299145299145
config_E,train,2400000,0.11111111111111112,0.24845199749997665,483.6503622036257,322.14293561423364,96.8,5,0.11111111111111112,483.6503622036257,96.8
config_E,train,2450000,0.14666666666666664,0.2683281572999748,578.3390926218592,394.74762084808225,152.64285714285714,5,0.14666666666666664,578.3390926218592,152.64285714285714
config_E,train,2500000,0.13777777777777775,0.19270651901047822,524.7328008825509,412.7284662053039,144.63888888888889,5,0.13777777777777775,524.7328008825509,144.63888888888889
