run_name,config_name,split_id,split_seed,train_seed,checkpoint_step,total_timesteps,group,mean_success_rate,mean_avg_return,std_return,avg_steps,std_steps,mean_first_success_step,episodes,model_path,vecnormalize_path
ppo_push-v3_config_A_split0_splitseed67_trainseed11_5000000,config_A,0,67,11,620000,5000000,test,1.0,629.6149141886956,226.67138760043284,110.0,37.88403357616504,110.0,5,push_v3_ppo_split_runs\checkpoints\ppo_push-v3_config_A_split0_splitseed67_trainseed11_5000000\ppo_push-v3_config_A_split0_splitseed67_trainseed11_5000000_620000_steps.zip,push_v3_ppo_split_runs\checkpoints\ppo_push-v3_config_A_split0_splitseed67_trainseed11_5000000\ppo_push-v3_config_A_split0_splitseed67_trainseed11_5000000_vecnormalize_1620000_steps.pkl
ppo_push-v3_config_B_split0_splitseed67_trainseed11_5000000,config_B,0,67,11,1230000,5000000,test,1.0,875.6094685418673,1286.7696415699577,130.2,159.83041012272977,130.2,5,push_v3_ppo_split_runs\checkpoints\ppo_push-v3_config_B_split0_splitseed67_trainseed11_5000000\ppo_push-v3_config_B_split0_splitseed67_trainseed11_5000000_1230000_steps.zip,push_v3_ppo_split_runs\checkpoints\ppo_push-v3_config_B_split0_splitseed67_trainseed11_5000000\ppo_push-v3_config_B_split0_splitseed67_trainseed11_5000000_vecnormalize_1230000_steps.pkl
ppo_push-v3_config_C_split0_splitseed67_trainseed11_5000000,config_C,0,67,11,550000,5000000,test,1.0,735.0987568421845,643.8546679148302,163.2,163.86872795014918,163.2,5,push_v3_ppo_split_runs\checkpoints\ppo_push-v3_config_C_split0_splitseed67_trainseed11_5000000\ppo_push-v3_config_C_split0_splitseed67_trainseed11_5000000_550000_steps.zip,push_v3_ppo_split_runs\checkpoints\ppo_push-v3_config_C_split0_splitseed67_trainseed11_5000000\ppo_push-v3_config_C_split0_splitseed67_trainseed11_5000000_vecnormalize_1550000_steps.pkl
ppo_push-v3_config_D_split0_splitseed67_trainseed11_5000000,config_D,0,67,11,2170000,5000000,test,1.0,251.14674372397144,198.71758764420213,51.8,25.748009631814263,51.8,5,push_v3_ppo_split_runs\checkpoints\ppo_push-v3_config_D_split0_splitseed67_trainseed11_5000000\ppo_push-v3_config_D_split0_splitseed67_trainseed11_5000000_2170000_steps.zip,push_v3_ppo_split_runs\checkpoints\ppo_push-v3_config_D_split0_splitseed67_trainseed11_5000000\ppo_push-v3_config_D_split0_splitseed67_trainseed11_5000000_vecnormalize_2170000_steps.pkl
ppo_push-v3_config_E_split0_splitseed67_trainseed11_5000000,config_E,0,67,11,4350000,5000000,test,1.0,445.4803980944607,629.8776905017409,93.2,58.238818669337725,93.2,5,push_v3_ppo_split_runs\checkpoints\ppo_push-v3_config_E_split0_splitseed67_trainseed11_5000000\ppo_push-v3_config_E_split0_splitseed67_trainseed11_5000000_4350000_steps.zip,push_v3_ppo_split_runs\checkpoints\ppo_push-v3_config_E_split0_splitseed67_trainseed11_5000000\ppo_push-v3_config_E_split0_splitseed67_trainseed11_5000000_vecnormalize_4350000_steps.pkl
ppo_push-v3_config_A_split1_splitseed68_trainseed11_5000000,config_A,1,68,11,2320000,5000000,test,1.0,1161.2553428077877,1765.5115011448186,140.6,179.27029871119194,140.6,5,push_v3_ppo_split_runs\checkpoints\ppo_push-v3_config_A_split1_splitseed68_trainseed11_5000000\ppo_push-v3_config_A_split1_splitseed68_trainseed11_5000000_2320000_steps.zip,push_v3_ppo_split_runs\checkpoints\ppo_push-v3_config_A_split1_splitseed68_trainseed11_5000000\ppo_push-v3_config_A_split1_splitseed68_trainseed11_5000000_vecnormalize_2320000_steps.pkl
ppo_push-v3_config_B_split1_splitseed68_trainseed11_5000000,config_B,1,68,11,1180000,5000000,test,1.0,973.673124470752,1190.4970706098843,143.6,143.3326201532645,143.6,5,push_v3_ppo_split_runs\checkpoints\ppo_push-v3_config_B_split1_splitseed68_trainseed11_5000000\ppo_push-v3_config_B_split1_splitseed68_trainseed11_5000000_1180000_steps.zip,push_v3_ppo_split_runs\checkpoints\ppo_push-v3_config_B_split1_splitseed68_trainseed11_5000000\ppo_push-v3_config_B_split1_splitseed68_trainseed11_5000000_vecnormalize_1180000_steps.pkl
ppo_push-v3_config_C_split1_splitseed68_trainseed11_5000000,config_C,1,68,11,2600000,5000000,test,1.0,697.7989471078191,1012.6493447991464,124.8,154.1977950555714,124.8,5,push_v3_ppo_split_runs\checkpoints\ppo_push-v3_config_C_split1_splitseed68_trainseed11_5000000\ppo_push-v3_config_C_split1_splitseed68_trainseed11_5000000_2600000_steps.zip,push_v3_ppo_split_runs\checkpoints\ppo_push-v3_config_C_split1_splitseed68_trainseed11_5000000\ppo_push-v3_config_C_split1_splitseed68_trainseed11_5000000_vecnormalize_2600000_steps.pkl
ppo_push-v3_config_D_split1_splitseed68_trainseed11_5000000,config_D,1,68,11,630000,5000000,test,1.0,733.5648161420174,438.2580439660501,121.0,67.35280246582171,121.0,5,push_v3_ppo_split_runs\checkpoints\ppo_push-v3_config_D_split1_splitseed68_trainseed11_5000000\ppo_push-v3_config_D_split1_splitseed68_trainseed11_5000000_630000_steps.zip,push_v3_ppo_split_runs\checkpoints\ppo_push-v3_config_D_split1_splitseed68_trainseed11_5000000\ppo_push-v3_config_D_split1_splitseed68_trainseed11_5000000_vecnormalize_1630000_steps.pkl
ppo_push-v3_config_E_split1_splitseed68_trainseed11_5000000,config_E,1,68,11,550000,5000000,test,1.0,1240.3586956619797,1314.9142344562206,165.4,150.72173035100147,165.4,5,push_v3_ppo_split_runs\checkpoints\ppo_push-v3_config_E_split1_splitseed68_trainseed11_5000000\ppo_push-v3_config_E_split1_splitseed68_trainseed11_5000000_550000_steps.zip,push_v3_ppo_split_runs\checkpoints\ppo_push-v3_config_E_split1_splitseed68_trainseed11_5000000\ppo_push-v3_config_E_split1_splitseed68_trainseed11_5000000_vecnormalize_1550000_steps.pkl
ppo_push-v3_config_A_split2_splitseed75_trainseed11_5000000,config_A,2,75,11,690000,5000000,test,1.0,801.0862893932042,1185.6339169847029,122.2,147.68398694509844,122.2,5,push_v3_ppo_split_runs\checkpoints\ppo_push-v3_config_A_split2_splitseed75_trainseed11_5000000\ppo_push-v3_config_A_split2_splitseed75_trainseed11_5000000_690000_steps.zip,push_v3_ppo_split_runs\checkpoints\ppo_push-v3_config_A_split2_splitseed75_trainseed11_5000000\ppo_push-v3_config_A_split2_splitseed75_trainseed11_5000000_vecnormalize_1690000_steps.pkl
ppo_push-v3_config_B_split2_splitseed75_trainseed11_5000000,config_B,2,75,11,1790000,5000000,test,1.0,837.52226567667,1387.24963753491,118.0,160.5490579231158,118.0,5,push_v3_ppo_split_runs\checkpoints\ppo_push-v3_config_B_split2_splitseed75_trainseed11_5000000\ppo_push-v3_config_B_split2_splitseed75_trainseed11_5000000_1790000_steps.zip,push_v3_ppo_split_runs\checkpoints\ppo_push-v3_config_B_split2_splitseed75_trainseed11_5000000\ppo_push-v3_config_B_split2_splitseed75_trainseed11_5000000_vecnormalize_1790000_steps.pkl
ppo_push-v3_config_C_split2_splitseed75_trainseed11_5000000,config_C,2,75,11,3180000,5000000,test,1.0,922.1550720288594,1580.6752445557577,128.4,181.31916611323803,128.4,5,push_v3_ppo_split_runs\checkpoints\ppo_push-v3_config_C_split2_splitseed75_trainseed11_5000000\ppo_push-v3_config_C_split2_splitseed75_trainseed11_5000000_3180000_steps.zip,push_v3_ppo_split_runs\checkpoints\ppo_push-v3_config_C_split2_splitseed75_trainseed11_5000000\ppo_push-v3_config_C_split2_splitseed75_trainseed11_5000000_vecnormalize_3180000_steps.pkl
ppo_push-v3_config_D_split2_splitseed75_trainseed11_5000000,config_D,2,75,11,960000,5000000,test,1.0,242.4338709321816,61.38879240089658,95.2,100.5055222363428,95.2,5,push_v3_ppo_split_runs\checkpoints\ppo_push-v3_config_D_split2_splitseed75_trainseed11_5000000\ppo_push-v3_config_D_split2_splitseed75_trainseed11_5000000_960000_steps.zip,push_v3_ppo_split_runs\checkpoints\ppo_push-v3_config_D_split2_splitseed75_trainseed11_5000000\ppo_push-v3_config_D_split2_splitseed75_trainseed11_5000000_vecnormalize_1960000_steps.pkl
ppo_push-v3_config_E_split2_splitseed75_trainseed11_5000000,config_E,2,75,11,1150000,5000000,test,1.0,835.6596608226243,1263.1915376103916,114.2,143.40767064561086,114.2,5,push_v3_ppo_split_runs\checkpoints\ppo_push-v3_config_E_split2_splitseed75_trainseed11_5000000\ppo_push-v3_config_E_split2_splitseed75_trainseed11_5000000_1150000_steps.zip,push_v3_ppo_split_runs\checkpoints\ppo_push-v3_config_E_split2_splitseed75_trainseed11_5000000\ppo_push-v3_config_E_split2_splitseed75_trainseed11_5000000_vecnormalize_1150000_steps.pkl
ppo_push-v3_config_A_split3_splitseed79_trainseed11_5000000,config_A,3,79,11,440000,5000000,test,1.0,227.06420577117848,74.57428006593514,53.6,15.317963311093289,53.6,5,push_v3_ppo_split_runs\checkpoints\ppo_push-v3_config_A_split3_splitseed79_trainseed11_5000000\ppo_push-v3_config_A_split3_splitseed79_trainseed11_5000000_440000_steps.zip,push_v3_ppo_split_runs\checkpoints\ppo_push-v3_config_A_split3_splitseed79_trainseed11_5000000\ppo_push-v3_config_A_split3_splitseed79_trainseed11_5000000_vecnormalize_1440000_steps.pkl
ppo_push-v3_config_B_split3_splitseed79_trainseed11_5000000,config_B,3,79,11,1440000,5000000,test,1.0,511.1715624175408,731.0376034290206,82.8,90.19623051990588,82.8,5,push_v3_ppo_split_runs\checkpoints\ppo_push-v3_config_B_split3_splitseed79_trainseed11_5000000\ppo_push-v3_config_B_split3_splitseed79_trainseed11_5000000_1440000_steps.zip,push_v3_ppo_split_runs\checkpoints\ppo_push-v3_config_B_split3_splitseed79_trainseed11_5000000\ppo_push-v3_config_B_split3_splitseed79_trainseed11_5000000_vecnormalize_1440000_steps.pkl
ppo_push-v3_config_C_split3_splitseed79_trainseed11_5000000,config_C,3,79,11,3620000,5000000,test,1.0,768.3127280340307,1079.186594096107,108.0,123.41960946300227,108.0,5,push_v3_ppo_split_runs\checkpoints\ppo_push-v3_config_C_split3_splitseed79_trainseed11_5000000\ppo_push-v3_config_C_split3_splitseed79_trainseed11_5000000_3620000_steps.zip,push_v3_ppo_split_runs\checkpoints\ppo_push-v3_config_C_split3_splitseed79_trainseed11_5000000\ppo_push-v3_config_C_split3_splitseed79_trainseed11_5000000_vecnormalize_3620000_steps.pkl
ppo_push-v3_config_D_split3_splitseed79_trainseed11_5000000,config_D,3,79,11,2340000,5000000,test,1.0,679.6764841819039,975.3444678961008,92.8,98.2555850829865,92.8,5,push_v3_ppo_split_runs\checkpoints\ppo_push-v3_config_D_split3_splitseed79_trainseed11_5000000\ppo_push-v3_config_D_split3_splitseed79_trainseed11_5000000_2340000_steps.zip,push_v3_ppo_split_runs\checkpoints\ppo_push-v3_config_D_split3_splitseed79_trainseed11_5000000\ppo_push-v3_config_D_split3_splitseed79_trainseed11_5000000_vecnormalize_2340000_steps.pkl
ppo_push-v3_config_E_split3_splitseed79_trainseed11_5000000,config_E,3,79,11,1850000,5000000,test,1.0,508.4132395667988,693.1382858567578,77.6,77.3888880912499,77.6,5,push_v3_ppo_split_runs\checkpoints\ppo_push-v3_config_E_split3_splitseed79_trainseed11_5000000\ppo_push-v3_config_E_split3_splitseed79_trainseed11_5000000_1850000_steps.zip,push_v3_ppo_split_runs\checkpoints\ppo_push-v3_config_E_split3_splitseed79_trainseed11_5000000\ppo_push-v3_config_E_split3_splitseed79_trainseed11_5000000_vecnormalize_1850000_steps.pkl
ppo_push-v3_config_A_split4_splitseed92_trainseed11_5000000,config_A,4,92,11,2450000,5000000,test,1.0,744.5973294146108,1141.795914282358,108.6,131.23810422282088,108.6,5,push_v3_ppo_split_runs\checkpoints\ppo_push-v3_config_A_split4_splitseed92_trainseed11_5000000\ppo_push-v3_config_A_split4_splitseed92_trainseed11_5000000_2450000_steps.zip,push_v3_ppo_split_runs\checkpoints\ppo_push-v3_config_A_split4_splitseed92_trainseed11_5000000\ppo_push-v3_config_A_split4_splitseed92_trainseed11_5000000_vecnormalize_2450000_steps.pkl
ppo_push-v3_config_B_split4_splitseed92_trainseed11_5000000,config_B,4,92,11,4710000,5000000,test,1.0,562.3237221218121,713.492322640314,87.8,86.31894345970645,87.8,5,push_v3_ppo_split_runs\checkpoints\ppo_push-v3_config_B_split4_splitseed92_trainseed11_5000000\ppo_push-v3_config_B_split4_splitseed92_trainseed11_5000000_4710000_steps.zip,push_v3_ppo_split_runs\checkpoints\ppo_push-v3_config_B_split4_splitseed92_trainseed11_5000000\ppo_push-v3_config_B_split4_splitseed92_trainseed11_5000000_vecnormalize_4710000_steps.pkl
ppo_push-v3_config_C_split4_splitseed92_trainseed11_5000000,config_C,4,92,11,1470000,5000000,test,1.0,768.428742687051,1051.7191506115587,127.2,154.10308238318922,127.2,5,push_v3_ppo_split_runs\checkpoints\ppo_push-v3_config_C_split4_splitseed92_trainseed11_5000000\ppo_push-v3_config_C_split4_splitseed92_trainseed11_5000000_1470000_steps.zip,push_v3_ppo_split_runs\checkpoints\ppo_push-v3_config_C_split4_splitseed92_trainseed11_5000000\ppo_push-v3_config_C_split4_splitseed92_trainseed11_5000000_vecnormalize_1470000_steps.pkl
ppo_push-v3_config_D_split4_splitseed92_trainseed11_5000000,config_D,4,92,11,1660000,5000000,test,1.0,746.0210612947478,1110.121022223825,111.6,130.83974931189678,111.6,5,push_v3_ppo_split_runs\checkpoints\ppo_push-v3_config_D_split4_splitseed92_trainseed11_5000000\ppo_push-v3_config_D_split4_splitseed92_trainseed11_5000000_1660000_steps.zip,push_v3_ppo_split_runs\checkpoints\ppo_push-v3_config_D_split4_splitseed92_trainseed11_5000000\ppo_push-v3_config_D_split4_splitseed92_trainseed11_5000000_vecnormalize_1660000_steps.pkl
ppo_push-v3_config_E_split4_splitseed92_trainseed11_5000000,config_E,4,92,11,3850000,5000000,test,1.0,39.55083036655625,19.443890933862807,62.4,19.703806738800505,62.4,5,push_v3_ppo_split_runs\checkpoints\ppo_push-v3_config_E_split4_splitseed92_trainseed11_5000000\ppo_push-v3_config_E_split4_splitseed92_trainseed11_5000000_3850000_steps.zip,push_v3_ppo_split_runs\checkpoints\ppo_push-v3_config_E_split4_splitseed92_trainseed11_5000000\ppo_push-v3_config_E_split4_splitseed92_trainseed11_5000000_vecnormalize_3850000_steps.pkl
