config_name,config_A,config_A,config_B,config_B,config_C,config_C,config_D,config_D,config_E,config_E
group,test,train,test,train,test,train,test,train,test,train
checkpoint_step,,,,,,,,,,
10000,0.0,0.013333333333333319,0.04,0.00888888888888888,0.08,0.01777777777777776,0.04,0.0222222222222222,,
20000,0.08,0.048888888888888885,0.0,0.013333333333333319,0.04,0.00888888888888888,0.04,0.00888888888888888,,
30000,0.04,0.05777777777777776,0.0,0.013333333333333319,0.0,0.00444444444444444,0.04,0.01777777777777776,,
40000,0.04,0.03555555555555554,0.0,0.00444444444444444,0.0,0.00888888888888888,0.0,0.04444444444444442,,
50000,0.08,0.0311111111111111,0.0,0.0,0.0,0.00888888888888888,0.0,0.026666666666666637,0.0,0.00444444444444444
60000,0.04,0.03999999999999998,0.0,0.00888888888888888,0.04,0.00888888888888888,0.0,0.00444444444444444,,
70000,0.04,0.00444444444444444,0.0,0.00444444444444444,0.0,0.013333333333333319,0.04,0.00444444444444444,,
80000,0.04,0.013333333333333319,0.0,0.00444444444444444,0.0,0.00444444444444444,0.0,0.0,,
90000,0.0,0.00888888888888888,0.0,0.0,0.08,0.00888888888888888,0.04,0.00888888888888888,,
100000,0.0,0.0,0.0,0.0,0.08,0.00888888888888888,0.0,0.0,0.0,0.01777777777777776
110000,0.0,0.00888888888888888,0.0,0.0,0.0,0.0222222222222222,0.0,0.00444444444444444,,
120000,0.0,0.0311111111111111,0.08,0.00888888888888888,0.04,0.013333333333333319,0.04,0.01777777777777776,,
130000,0.0,0.0311111111111111,0.04,0.00444444444444444,0.0,0.013333333333333319,0.04,0.0222222222222222,,
140000,0.0,0.0222222222222222,0.0,0.026666666666666637,0.0,0.01777777777777776,0.04,0.0222222222222222,,
150000,0.0,0.02666666666666666,0.0,0.00888888888888888,0.04,0.04888888888888886,0.0,0.03111111111111108,0.12000000000000002,0.026666666666666637
160000,0.04,0.02666666666666666,0.0,0.00888888888888888,0.04,0.04444444444444442,0.12000000000000002,0.048888888888888836,,
170000,0.04,0.03555555555555554,0.0,0.013333333333333319,0.08,0.03999999999999996,0.08,0.04444444444444442,,
180000,0.08,0.04444444444444442,0.0,0.00888888888888888,0.0,0.06222222222222218,0.0,0.07111111111111108,,
190000,0.12000000000000002,0.03555555555555552,0.0,0.013333333333333319,0.04,0.09777777777777774,0.16,0.04888888888888886,,
200000,0.0,0.07555555555555554,0.0,0.03111111111111108,0.04,0.11999999999999997,0.08,0.05777777777777774,0.24,0.1288888888888889
210000,0.0,0.07555555555555554,0.0,0.04444444444444442,0.08,0.10666666666666665,0.04,0.026666666666666637,,
220000,0.04,0.12444444444444443,0.0,0.06666666666666664,0.08,0.1333333333333333,0.08,0.0311111111111111,,
230000,0.08,0.11999999999999997,0.04,0.08444444444444442,0.12000000000000002,0.17777777777777776,0.0,0.03555555555555554,,
240000,0.04,0.15999999999999998,0.04,0.07555555555555551,0.2,0.18666666666666662,0.04,0.08888888888888888,,
250000,0.2,0.14666666666666664,0.08,0.09777777777777774,0.16,0.1911111111111111,0.0,0.16444444444444445,0.12,0.1422222222222222
260000,0.04,0.15111111111111106,0.08,0.10666666666666665,0.2,0.18666666666666662,0.12000000000000002,0.07999999999999996,,
270000,0.2,0.1644444444444444,0.04,0.09333333333333332,0.16,0.17333333333333328,0.08,0.12888888888888883,,
280000,0.16,0.2577777777777778,0.12000000000000002,0.1333333333333333,0.24,0.19999999999999996,0.12000000000000002,0.10666666666666665,,
290000,0.27999999999999997,0.24888888888888885,0.12000000000000002,0.12444444444444443,0.12000000000000002,0.1333333333333333,0.04,0.11111111111111108,,
300000,0.24000000000000005,0.2533333333333333,0.08,0.10222222222222217,0.24000000000000005,0.16888888888888887,0.04,0.10666666666666662,0.04,0.1422222222222222
310000,0.44000000000000006,0.20888888888888885,0.16,0.17333333333333328,0.24000000000000005,0.2711111111111111,0.12000000000000002,0.15555555555555553,,
320000,0.27999999999999997,0.24888888888888885,0.28,0.1733333333333333,0.27999999999999997,0.23555555555555552,0.12000000000000002,0.20888888888888885,,
330000,0.32,0.2577777777777778,0.16,0.11999999999999997,0.24000000000000005,0.20888888888888885,0.08,0.17333333333333328,,
340000,0.28,0.2799999999999999,0.24,0.15111111111111108,0.24000000000000005,0.20444444444444437,0.24000000000000005,0.2977777777777778,,
350000,0.32,0.31555555555555553,0.16,0.19111111111111106,0.27999999999999997,0.22666666666666663,0.16,0.30222222222222217,0.16,0.14666666666666664
360000,0.32,0.3511111111111111,0.44000000000000006,0.2533333333333333,0.27999999999999997,0.2666666666666666,0.24000000000000005,0.271111111111111,,
370000,0.4,0.3333333333333333,0.32,0.28888888888888886,0.2,0.2311111111111111,0.27999999999999997,0.27999999999999997,,
380000,0.4,0.3688888888888889,0.24000000000000005,0.2977777777777778,0.36,0.37333333333333335,0.2,0.3333333333333333,,
390000,0.36,0.28444444444444444,0.2,0.26666666666666666,0.36,0.3111111111111111,0.32,0.3288888888888889,,
400000,0.52,0.3911111111111111,0.2,0.2444444444444444,0.32,0.3688888888888889,0.36,0.37333333333333335,0.28,0.2311111111111111
410000,0.52,0.42666666666666664,0.2,0.2755555555555555,0.32,0.36444444444444446,0.32,0.3866666666666666,,
420000,0.5599999999999999,0.3911111111111111,0.32,0.28888888888888886,0.27999999999999997,0.4622222222222222,0.2,0.33777777777777773,,
430000,0.28,0.44000000000000006,0.27999999999999997,0.30666666666666664,0.32,0.31999999999999995,0.32,0.39555555555555555,,
440000,0.48,0.4666666666666666,0.36,0.2844444444444444,0.44000000000000006,0.5022222222222222,0.4,0.36444444444444446,,
450000,0.36,0.44000000000000006,0.4,0.32,0.6,0.3688888888888889,0.4,0.30666666666666664,0.28,0.29333333333333333
460000,0.36,0.4311111111111111,0.44000000000000006,0.3288888888888889,0.44000000000000006,0.3822222222222222,0.44000000000000006,0.37777777777777777,,
470000,0.48,0.4533333333333333,0.4,0.31111111111111106,0.4,0.3866666666666666,0.44000000000000006,0.4311111111111111,,
480000,0.4,0.48,0.36,0.3555555555555555,0.36,0.31111111111111106,0.64,0.5111111111111111,,
490000,0.44000000000000006,0.4666666666666666,0.36,0.37333333333333335,0.4,0.3911111111111111,0.52,0.5377777777777778,,
500000,0.64,0.5911111111111111,0.36,0.30666666666666664,0.52,0.4533333333333333,0.56,0.5022222222222222,0.27999999999999997,0.34222222222222215
510000,0.48,0.5333333333333333,0.4,0.3733333333333333,0.44000000000000006,0.49777777777777776,0.4,0.48888888888888893,,
520000,0.52,0.5511111111111111,0.36,0.39555555555555555,0.48,0.4444444444444445,0.4,0.4488888888888889,,
530000,0.52,0.6177777777777778,0.32,0.36,0.48,0.47555555555555556,0.4,0.47555555555555545,,
540000,0.5599999999999999,0.5555555555555556,0.32,0.3333333333333333,0.52,0.4622222222222222,0.36,0.4844444444444445,,
550000,0.52,0.5955555555555556,0.48,0.4311111111111111,0.52,0.5244444444444445,0.64,0.5244444444444445,0.64,0.5022222222222222
560000,0.56,0.5777777777777777,0.48,0.40444444444444444,0.6,0.5111111111111111,0.72,0.5377777777777777,,
570000,0.6,0.6444444444444445,0.56,0.4444444444444445,0.48,0.5066666666666666,0.64,0.5422222222222223,,
580000,0.64,0.6488888888888888,0.36,0.43999999999999995,0.52,0.49333333333333335,0.64,0.5866666666666667,,
590000,0.6799999999999999,0.6888888888888889,0.4,0.40444444444444444,0.4800000000000001,0.5466666666666666,0.6,0.5466666666666666,,
600000,0.6,0.7022222222222222,0.44000000000000006,0.3688888888888889,0.6,0.64,0.56,0.5644444444444444,0.5599999999999999,0.49777777777777776
610000,0.48,0.64,0.44000000000000006,0.31111111111111106,0.64,0.5777777777777777,0.4,0.4488888888888889,,
620000,0.6,0.6888888888888889,0.4,0.40888888888888886,0.5599999999999999,0.6488888888888888,0.36,0.4888888888888888,,
630000,0.64,0.68,0.4,0.3466666666666666,0.52,0.6133333333333333,0.44000000000000006,0.47111111111111104,,
640000,0.5599999999999999,0.7377777777777778,0.32,0.30666666666666664,0.5599999999999999,0.6577777777777778,0.44000000000000006,0.5466666666666666,,
650000,0.64,0.7422222222222221,0.4,0.36,0.6,0.6355555555555555,0.6799999999999999,0.5111111111111111,0.52,0.5466666666666666
660000,0.64,0.7377777777777779,0.24,0.31555555555555553,0.64,0.591111111111111,0.5599999999999999,0.5644444444444444,,
670000,0.6799999999999999,0.7644444444444444,0.32,0.3466666666666667,0.5599999999999999,0.6,0.5599999999999999,0.6,,
680000,0.6799999999999999,0.76,0.27999999999999997,0.3688888888888889,0.52,0.6533333333333333,0.6,0.5511111111111111,,
690000,0.8,0.7288888888888889,0.36,0.4444444444444445,0.64,0.7333333333333333,0.5599999999999999,0.5644444444444444,,
700000,0.76,0.7244444444444444,0.44000000000000006,0.48,0.68,0.7022222222222222,0.6,0.5866666666666667,0.56,0.5555555555555556
710000,0.8400000000000001,0.7022222222222222,0.44000000000000006,0.43555555555555553,0.64,0.6488888888888888,0.6,0.5955555555555556,,
720000,0.76,0.6933333333333334,0.5599999999999999,0.47555555555555556,0.5599999999999999,0.6888888888888889,0.5599999999999999,0.6577777777777778,,
730000,0.6799999999999999,0.7422222222222222,0.52,0.4844444444444444,0.8,0.7155555555555556,0.5599999999999999,0.6311111111111112,,
740000,0.76,0.7422222222222222,0.32,0.4444444444444445,0.6799999999999999,0.7288888888888889,0.5599999999999999,0.6666666666666666,,
750000,0.76,0.68,0.44000000000000006,0.40888888888888886,0.6799999999999999,0.7288888888888889,0.5599999999999999,0.6711111111111111,0.6,0.5555555555555556
760000,0.8400000000000001,0.7466666666666667,0.4,0.4444444444444445,0.6799999999999999,0.72,0.6,0.5777777777777777,,
770000,0.8,0.7511111111111111,0.4,0.4444444444444445,0.8800000000000001,0.7555555555555555,0.52,0.5733333333333334,,
780000,0.76,0.7688888888888888,0.48,0.43111111111111117,0.72,0.6933333333333334,0.5599999999999999,0.5466666666666666,,
790000,0.8,0.7511111111111111,0.52,0.39555555555555555,0.6799999999999999,0.7288888888888889,0.52,0.5733333333333333,,
800000,0.76,0.8088888888888889,0.4,0.38666666666666666,0.8,0.7155555555555555,0.6799999999999999,0.6266666666666667,0.52,0.5644444444444444
810000,0.8,0.8088888888888889,0.44000000000000006,0.4133333333333334,0.8400000000000001,0.888888888888889,0.6,0.7155555555555555,,
820000,0.68,0.7955555555555556,0.4,0.47111111111111115,0.76,0.8533333333333333,0.52,0.72,,
830000,0.76,0.7911111111111111,0.4800000000000001,0.48,0.72,0.8222222222222222,0.6,0.6799999999999999,,
840000,0.64,0.7066666666666667,0.44000000000000006,0.37777777777777777,0.8400000000000001,0.7822222222222222,0.48,0.6933333333333334,,
850000,0.76,0.6933333333333334,0.48,0.49333333333333335,0.6,0.8311111111111111,0.64,0.6844444444444445,0.6,0.6711111111111111
860000,0.64,0.6799999999999999,0.52,0.5244444444444445,0.6799999999999999,0.7955555555555556,0.52,0.6177777777777778,,
870000,0.8,0.7333333333333333,0.52,0.5688888888888888,0.72,0.7022222222222222,0.6,0.6755555555555556,,
880000,0.76,0.7333333333333334,0.44000000000000006,0.5244444444444445,0.6,0.7466666666666667,0.52,0.6399999999999999,,
890000,0.6799999999999999,0.7333333333333334,0.48,0.4844444444444444,0.72,0.7733333333333333,0.6399999999999999,0.6977777777777778,,
900000,0.8,0.7733333333333332,0.52,0.5866666666666667,0.6799999999999999,0.7333333333333333,0.72,0.6933333333333332,0.52,0.6044444444444445
910000,0.8800000000000001,0.8088888888888889,0.5599999999999999,0.5822222222222222,0.72,0.7911111111111111,0.76,0.6977777777777778,,
920000,0.8,0.7955555555555556,0.76,0.6355555555555555,0.8,0.7688888888888888,0.72,0.7333333333333334,,
930000,0.8,0.7733333333333333,0.64,0.5777777777777777,0.76,0.7644444444444444,0.72,0.7466666666666667,,
940000,0.68,0.711111111111111,0.6,0.5599999999999999,0.8800000000000001,0.7911111111111111,0.8,0.768888888888889,,
950000,0.8,0.7333333333333333,0.6,0.5511111111111111,0.6799999999999999,0.671111111111111,0.8,0.768888888888889,0.6,0.6222222222222222
960000,0.76,0.8177777777777777,0.6,0.5955555555555556,0.6799999999999999,0.7466666666666667,0.76,0.711111111111111,,
970000,0.8400000000000001,0.7911111111111111,0.64,0.5866666666666667,0.6799999999999999,0.76,0.76,0.7822222222222223,,
980000,0.6799999999999999,0.8222222222222222,0.52,0.6,0.76,0.8044444444444444,0.72,0.8222222222222222,,
990000,0.6799999999999999,0.7955555555555555,0.64,0.6177777777777778,0.8,0.8177777777777777,0.68,0.8044444444444444,,
1000000,0.8800000000000001,0.8844444444444445,0.72,0.7466666666666667,1.0,0.9155555555555555,0.8400000000000001,0.9244444444444444,0.8,0.7866666666666666
1010000,0.8400000000000001,0.8622222222222222,0.76,0.7911111111111111,1.0,0.888888888888889,0.9199999999999999,0.9199999999999999,,
1020000,0.8800000000000001,0.9155555555555555,0.76,0.7822222222222223,0.9199999999999999,0.928888888888889,0.8,0.9377777777777776,,
1030000,0.8800000000000001,0.928888888888889,0.72,0.768888888888889,0.96,0.9511111111111111,0.9199999999999999,0.9377777777777778,,
1040000,0.8400000000000001,0.9155555555555555,0.8,0.7422222222222222,0.96,0.9466666666666667,0.96,0.9422222222222223,,
1050000,0.8800000000000001,0.9466666666666667,0.6799999999999999,0.7377777777777779,0.96,0.9644444444444444,0.96,0.9511111111111111,0.8,0.8222222222222222
1060000,0.9199999999999999,0.9244444444444445,0.8,0.7422222222222222,0.9199999999999999,0.9155555555555555,0.9199999999999999,0.968888888888889,,
1070000,1.0,0.9333333333333333,0.8,0.7955555555555556,0.9199999999999999,0.9466666666666667,1.0,0.9555555555555555,,
1080000,0.8800000000000001,0.9333333333333332,0.8800000000000001,0.7955555555555556,1.0,0.9466666666666665,0.96,0.96,,
1090000,0.96,0.9377777777777778,0.8400000000000001,0.7955555555555556,0.9199999999999999,0.96,0.96,0.9688888888888888,,
1100000,0.96,0.9199999999999999,0.8,0.7733333333333333,0.96,0.9511111111111111,0.9199999999999999,0.96,0.8,0.8088888888888889
1110000,0.8800000000000001,0.9288888888888888,0.8800000000000001,0.8222222222222222,0.96,0.96,0.9199999999999999,0.9466666666666665,,
1120000,0.8800000000000001,0.928888888888889,1.0,0.8844444444444445,0.96,0.9555555555555555,0.9199999999999999,0.9333333333333332,,
1130000,0.96,0.9333333333333332,0.8,0.8488888888888889,0.9199999999999999,0.9377777777777776,0.9199999999999999,0.9555555555555555,,
1140000,0.96,0.9377777777777778,0.8400000000000001,0.8488888888888889,0.9199999999999999,0.9066666666666666,0.9199999999999999,0.9422222222222221,,
1150000,1.0,0.9466666666666667,0.8800000000000001,0.8044444444444444,0.96,0.9511111111111111,0.96,0.9199999999999999,0.9199999999999999,0.8799999999999999
1160000,0.9199999999999999,0.9511111111111111,0.8800000000000001,0.8666666666666666,0.9199999999999999,0.9466666666666667,0.96,0.9466666666666667,,
1170000,0.96,0.9822222222222221,0.8,0.8711111111111112,0.9199999999999999,0.96,0.96,0.9511111111111111,,
1180000,0.96,0.9377777777777776,1.0,0.8355555555555554,0.96,0.9466666666666667,0.9199999999999999,0.9688888888888888,,
1190000,0.8800000000000001,0.9688888888888888,0.72,0.8400000000000001,0.8400000000000001,0.9288888888888888,1.0,0.9244444444444444,,
1200000,0.96,0.9688888888888888,0.9199999999999999,0.8355555555555556,0.8,0.9199999999999999,1.0,0.96,0.96,0.9244444444444444
1210000,0.8800000000000001,0.9866666666666667,0.8400000000000001,0.8355555555555554,0.9199999999999999,0.9511111111111109,1.0,0.9777777777777779,,
1220000,0.96,0.9955555555555555,0.8400000000000001,0.8400000000000001,0.8800000000000001,0.96,0.96,0.9644444444444444,,
1230000,1.0,0.9644444444444444,0.8800000000000001,0.8355555555555554,0.76,0.9155555555555555,1.0,0.9644444444444444,,
1240000,1.0,0.9288888888888888,0.9199999999999999,0.8933333333333333,0.8800000000000001,0.9466666666666665,0.8800000000000001,0.9733333333333333,,
1250000,1.0,0.9777777777777779,0.8400000000000001,0.8577777777777778,0.8800000000000001,0.96,0.96,0.9555555555555555,0.8800000000000001,0.9466666666666667
1260000,1.0,0.9377777777777776,0.96,0.8800000000000001,0.9199999999999999,0.9333333333333333,0.9199999999999999,0.9288888888888888,,
1270000,0.96,0.9422222222222223,0.96,0.8844444444444445,0.96,0.9111111111111111,1.0,0.9644444444444444,,
1280000,1.0,0.9333333333333332,1.0,0.8933333333333333,0.8800000000000001,0.9244444444444445,1.0,0.9555555555555555,,
1290000,0.96,0.9466666666666667,0.96,0.8666666666666666,0.9199999999999999,0.9333333333333333,0.96,0.9511111111111111,,
1300000,0.96,0.9244444444444444,0.96,0.8977777777777778,0.8800000000000001,0.9244444444444444,0.96,0.9822222222222221,0.8800000000000001,0.8933333333333333
1310000,0.8800000000000001,0.9111111111111111,1.0,0.8711111111111112,0.9199999999999999,0.9377777777777776,0.96,0.9777777777777776,,
1320000,0.9199999999999999,0.96,0.96,0.9155555555555555,0.96,0.9466666666666667,0.96,0.9733333333333333,,
1330000,0.8400000000000001,0.9377777777777776,1.0,0.9199999999999999,0.9199999999999999,0.9688888888888888,0.96,0.9644444444444444,,
1340000,0.76,0.9022222222222223,0.96,0.9377777777777776,0.8,0.9688888888888888,0.8800000000000001,0.9555555555555555,,
1350000,0.96,0.9422222222222221,0.96,0.9111111111111111,0.9199999999999999,0.9733333333333333,0.96,0.9644444444444444,0.8800000000000001,0.8755555555555554
1360000,0.9199999999999999,0.9288888888888888,1.0,0.9199999999999999,0.8800000000000001,0.9688888888888888,0.96,0.9644444444444444,,
1370000,0.9199999999999999,0.9333333333333332,0.9199999999999999,0.9066666666666666,0.8400000000000001,0.9688888888888888,0.96,0.9733333333333333,,
1380000,0.9199999999999999,0.9644444444444444,0.96,0.9422222222222221,0.96,0.9644444444444444,1.0,0.9733333333333333,,
1390000,0.9199999999999999,0.9377777777777776,0.9199999999999999,0.9199999999999999,0.96,0.9733333333333333,1.0,0.9688888888888888,,
1400000,0.8800000000000001,0.9022222222222223,0.96,0.9422222222222223,0.96,0.9288888888888888,1.0,0.9822222222222221,0.8800000000000001,0.8488888888888889
1410000,0.8400000000000001,0.8888888888888887,0.96,0.9377777777777776,0.96,0.9244444444444445,1.0,0.9822222222222221,,
1420000,0.8400000000000001,0.9066666666666666,0.96,0.9422222222222221,0.96,0.9288888888888888,0.96,0.9866666666666666,,
1430000,0.8800000000000001,0.9066666666666666,0.96,0.96,0.96,0.9688888888888888,1.0,0.9777777777777779,,
1440000,0.9199999999999999,0.9244444444444444,1.0,0.9688888888888888,0.96,0.9733333333333333,1.0,0.9733333333333333,,
1450000,0.9199999999999999,0.9333333333333332,0.96,0.9555555555555555,0.96,0.9644444444444444,1.0,0.9866666666666667,0.8800000000000001,0.9333333333333332
1460000,0.9199999999999999,0.9555555555555555,1.0,0.9333333333333332,0.96,0.9688888888888888,1.0,0.9866666666666667,,
1470000,0.9199999999999999,0.9511111111111111,1.0,0.9511111111111109,0.96,0.96,1.0,0.9911111111111112,,
1480000,0.8400000000000001,0.9333333333333332,0.9199999999999999,0.9377777777777776,0.9199999999999999,0.9777777777777779,1.0,0.9866666666666667,,
1490000,0.96,0.9422222222222223,0.96,0.9422222222222221,1.0,0.9511111111111111,1.0,0.9911111111111112,,
1500000,0.9199999999999999,0.9333333333333332,1.0,0.9466666666666667,0.9199999999999999,0.9555555555555555,1.0,0.9822222222222221,0.9199999999999999,0.8933333333333333
1510000,0.8,0.9066666666666666,0.96,0.9466666666666667,1.0,0.9733333333333333,0.96,0.9822222222222221,,
1520000,0.8800000000000001,0.9022222222222223,0.9199999999999999,0.9466666666666667,0.96,0.9866666666666667,0.9199999999999999,0.96,,
1530000,0.9199999999999999,0.9066666666666666,0.9199999999999999,0.9777777777777776,1.0,0.9555555555555555,1.0,0.9688888888888888,,
1540000,0.9199999999999999,0.9466666666666667,0.96,0.9777777777777776,1.0,0.9644444444444444,0.96,0.9777777777777776,,
1550000,0.9199999999999999,0.9466666666666667,0.96,0.9688888888888888,1.0,0.96,1.0,0.9733333333333333,0.8400000000000001,0.9200000000000002
1560000,0.8800000000000001,0.9422222222222223,0.96,0.9555555555555555,0.96,0.9466666666666667,0.96,0.9822222222222221,,
1570000,0.8800000000000001,0.9377777777777776,0.96,0.9511111111111111,0.9199999999999999,0.96,1.0,0.9688888888888888,,
1580000,0.9199999999999999,0.9111111111111111,0.96,0.9733333333333334,0.8800000000000001,0.9333333333333332,0.9199999999999999,0.9777777777777779,,
1590000,0.9199999999999999,0.9466666666666667,0.96,0.9511111111111111,0.96,0.9822222222222221,0.8800000000000001,0.9911111111111112,,
1600000,0.8,0.9111111111111111,1.0,0.9422222222222223,1.0,0.9555555555555555,0.9199999999999999,0.9866666666666666,0.8,0.9111111111111111
1610000,0.8800000000000001,0.9199999999999999,0.9199999999999999,0.9422222222222223,0.96,0.9555555555555555,0.8800000000000001,0.9822222222222223,,
1620000,0.8,0.9155555555555555,0.9199999999999999,0.9644444444444444,0.9199999999999999,0.9511111111111111,0.9199999999999999,0.9866666666666667,,
1630000,0.8,0.9199999999999999,0.96,0.9333333333333332,1.0,0.9555555555555555,0.96,0.9866666666666667,,
1640000,0.8,0.9288888888888888,0.9199999999999999,0.9688888888888888,0.8800000000000001,0.9288888888888888,0.9199999999999999,0.9777777777777776,,
1650000,0.9199999999999999,0.9377777777777776,0.96,0.9644444444444445,0.8400000000000001,0.9422222222222223,0.8800000000000001,0.8888888888888887,0.8800000000000001,0.9244444444444444
1660000,0.96,0.9066666666666666,0.96,0.9733333333333334,0.8800000000000001,0.9377777777777776,0.96,0.9822222222222221,,
1670000,0.9199999999999999,0.9466666666666667,0.96,0.9822222222222223,0.96,0.96,0.96,0.9777777777777779,,
1680000,0.9199999999999999,0.9555555555555555,0.9199999999999999,0.96,0.96,0.9377777777777778,0.96,0.9866666666666666,,
1690000,0.9199999999999999,0.9777777777777776,0.9199999999999999,0.9644444444444444,1.0,0.9688888888888888,0.96,0.9955555555555555,,
1700000,0.96,0.96,1.0,0.9822222222222223,1.0,0.9644444444444444,0.96,0.9822222222222221,0.96,0.8933333333333333
1710000,0.8800000000000001,0.96,1.0,0.9822222222222221,0.96,0.9377777777777776,0.96,0.9733333333333333,,
1720000,0.8800000000000001,0.9733333333333333,0.96,0.9911111111111112,1.0,0.9466666666666667,0.96,0.9644444444444444,,
1730000,0.9199999999999999,0.9733333333333333,0.96,0.9777777777777776,1.0,0.9022222222222223,0.96,0.9777777777777776,,
1740000,1.0,0.9777777777777779,0.96,0.9555555555555555,1.0,0.9066666666666666,0.9199999999999999,0.9688888888888888,,
1750000,0.96,0.9733333333333333,0.96,0.9822222222222221,0.96,0.96,1.0,0.9866666666666666,0.8400000000000001,0.888888888888889
1760000,0.96,0.96,1.0,0.9733333333333333,0.96,0.9777777777777776,1.0,0.9822222222222221,,
1770000,0.9199999999999999,0.9777777777777776,0.96,0.9688888888888888,0.96,0.9466666666666667,0.96,0.9955555555555555,,
1780000,0.96,0.9822222222222221,1.0,0.9644444444444444,1.0,0.9466666666666665,1.0,0.9733333333333333,,
1790000,0.96,0.9733333333333333,1.0,0.9644444444444444,0.8400000000000001,0.8666666666666666,1.0,0.9866666666666666,,
1800000,0.96,0.9822222222222221,0.96,0.9644444444444444,0.96,0.928888888888889,1.0,0.9822222222222221,0.8400000000000001,0.9244444444444444
1810000,0.9199999999999999,0.9733333333333333,0.96,0.9733333333333334,1.0,0.9111111111111111,1.0,0.9911111111111112,,
1820000,1.0,0.9866666666666667,0.96,0.9777777777777776,0.9199999999999999,0.9644444444444444,1.0,0.9822222222222221,,
1830000,0.96,0.9777777777777776,0.96,0.9688888888888888,1.0,0.9644444444444444,1.0,0.9822222222222221,,
1840000,1.0,1.0,1.0,0.9866666666666667,1.0,0.9644444444444444,0.96,0.9866666666666666,,
1850000,1.0,0.9866666666666666,1.0,0.9911111111111112,1.0,0.9422222222222223,1.0,0.9911111111111112,0.8800000000000001,0.9199999999999999
1860000,0.9199999999999999,0.9777777777777779,1.0,0.9822222222222221,1.0,0.9377777777777778,1.0,0.9911111111111112,,
1870000,0.96,0.9688888888888888,1.0,0.96,1.0,0.96,1.0,0.9955555555555555,,
1880000,0.96,0.9644444444444444,0.96,0.9733333333333333,1.0,0.96,1.0,0.9911111111111112,,
1890000,1.0,0.9822222222222223,0.9199999999999999,0.9777777777777779,0.96,0.9555555555555555,1.0,0.9955555555555555,,
1900000,0.8800000000000001,0.9244444444444444,0.96,0.9777777777777779,0.9199999999999999,0.9111111111111111,1.0,0.9911111111111112,0.8,0.9466666666666667
1910000,0.9199999999999999,0.9466666666666667,0.96,0.9644444444444444,0.9199999999999999,0.9199999999999999,1.0,0.9866666666666667,,
1920000,0.9199999999999999,0.9333333333333332,0.96,0.9511111111111111,0.96,0.96,1.0,0.9866666666666667,,
1930000,0.96,0.9733333333333334,0.96,0.9688888888888888,0.9199999999999999,0.9777777777777779,1.0,0.9911111111111112,,
1940000,0.9199999999999999,0.9688888888888888,0.9199999999999999,0.9511111111111111,0.9199999999999999,0.9822222222222223,1.0,0.9866666666666667,,
1950000,0.9199999999999999,0.9555555555555555,0.96,0.9555555555555555,0.9199999999999999,0.9422222222222221,0.9199999999999999,0.9688888888888888,0.8400000000000001,0.8933333333333333
1960000,0.96,0.9688888888888888,0.9199999999999999,0.9555555555555555,0.96,0.9733333333333333,1.0,1.0,,
1970000,0.96,0.9688888888888888,0.9199999999999999,0.96,0.96,0.9733333333333333,0.96,0.9866666666666667,,
1980000,0.96,0.9644444444444445,0.9199999999999999,0.9733333333333333,0.9199999999999999,0.9644444444444444,1.0,0.9866666666666667,,
1990000,0.9199999999999999,0.9733333333333333,1.0,0.9911111111111112,0.8800000000000001,0.8399999999999999,1.0,0.9866666666666666,,
2000000,1.0,0.9822222222222221,1.0,0.9777777777777779,0.8,0.8444444444444444,1.0,0.9866666666666666,0.76,0.888888888888889
2010000,0.9199999999999999,0.9822222222222221,0.96,0.9822222222222221,0.9199999999999999,0.9244444444444444,1.0,1.0,,
2020000,1.0,0.9911111111111112,0.96,0.9822222222222223,0.9199999999999999,0.9333333333333332,0.96,0.9955555555555555,,
2030000,1.0,0.9955555555555555,0.96,0.9688888888888888,0.76,0.8533333333333333,1.0,1.0,,
2040000,0.8800000000000001,0.9644444444444445,0.96,0.9733333333333333,0.76,0.8933333333333333,1.0,0.9866666666666667,,
2050000,0.96,0.9777777777777779,0.96,0.9777777777777776,0.96,0.9288888888888888,1.0,0.9911111111111112,0.8400000000000001,0.8488888888888889
2060000,0.9199999999999999,0.9822222222222221,1.0,0.9688888888888888,0.96,0.9688888888888888,1.0,0.9866666666666667,,
2070000,0.96,0.9644444444444444,1.0,0.9822222222222221,0.8800000000000001,0.9111111111111111,0.96,0.9866666666666667,,
2080000,0.96,0.9466666666666667,1.0,0.9733333333333333,0.8400000000000001,0.8133333333333332,1.0,0.9955555555555555,,
2090000,0.96,0.9422222222222223,1.0,0.9955555555555555,0.72,0.7555555555555555,1.0,0.9911111111111112,,
2100000,0.9199999999999999,0.9688888888888888,1.0,0.9911111111111112,0.72,0.7466666666666667,1.0,1.0,0.8800000000000001,0.8266666666666665
2110000,0.9199999999999999,0.9733333333333334,1.0,0.9733333333333333,0.76,0.7688888888888888,1.0,0.9955555555555555,,
2120000,0.9199999999999999,0.9155555555555555,1.0,0.9866666666666666,0.72,0.7911111111111111,1.0,0.9866666666666667,,
2130000,0.96,0.9555555555555555,1.0,0.9866666666666667,0.72,0.7511111111111111,1.0,1.0,,
2140000,0.96,0.9644444444444445,1.0,0.9911111111111112,0.72,0.76,1.0,0.9866666666666666,,
2150000,0.9199999999999999,0.9511111111111111,1.0,0.9822222222222221,0.64,0.7377777777777778,0.96,0.9955555555555555,0.8800000000000001,0.888888888888889
2160000,0.96,0.9555555555555555,1.0,0.9688888888888888,0.6799999999999999,0.7244444444444444,1.0,0.9955555555555555,,
2170000,0.9199999999999999,0.9688888888888888,1.0,0.9733333333333333,0.64,0.6755555555555555,0.96,0.9777777777777776,,
2180000,0.8800000000000001,0.96,1.0,0.9911111111111112,0.76,0.7244444444444444,1.0,0.9911111111111112,,
2190000,0.8800000000000001,0.9466666666666667,1.0,0.9955555555555555,0.8400000000000001,0.7644444444444444,1.0,0.9955555555555555,,
2200000,0.8400000000000001,0.9466666666666667,1.0,1.0,0.8800000000000001,0.8444444444444444,1.0,0.9911111111111112,0.8400000000000001,0.8577777777777778
2210000,0.96,0.9466666666666667,1.0,0.9955555555555555,0.9199999999999999,0.8311111111111111,1.0,0.9822222222222223,,
2220000,0.96,0.9733333333333333,1.0,0.9955555555555555,0.8800000000000001,0.8444444444444444,1.0,0.9822222222222223,,
2230000,0.96,0.9466666666666667,1.0,0.9866666666666667,0.8800000000000001,0.8755555555555556,1.0,0.9822222222222221,,
2240000,0.96,0.9688888888888888,1.0,0.9866666666666667,0.8800000000000001,0.9155555555555555,1.0,0.9822222222222221,,
2250000,0.96,0.9466666666666667,1.0,0.9955555555555555,0.8400000000000001,0.9022222222222223,1.0,0.9733333333333334,0.72,0.7466666666666667
2260000,0.8800000000000001,0.9244444444444444,1.0,0.9955555555555555,0.8800000000000001,0.9155555555555555,1.0,0.9644444444444444,,
2270000,1.0,0.9688888888888888,1.0,0.9911111111111112,0.9199999999999999,0.9333333333333332,1.0,0.9822222222222223,,
2280000,1.0,0.9822222222222221,1.0,1.0,1.0,0.9022222222222223,1.0,0.9822222222222221,,
2290000,1.0,0.9777777777777776,1.0,0.9911111111111112,1.0,0.8933333333333333,1.0,0.9955555555555555,,
2300000,0.9199999999999999,0.9688888888888888,1.0,1.0,0.96,0.8622222222222222,0.96,0.9777777777777779,0.8,0.8666666666666668
2310000,0.9199999999999999,0.9822222222222223,1.0,0.9955555555555555,0.9199999999999999,0.9199999999999999,1.0,0.9866666666666667,,
2320000,0.96,0.9911111111111112,1.0,1.0,0.96,0.9244444444444445,1.0,0.9955555555555555,,
2330000,0.8800000000000001,0.9822222222222221,1.0,0.9955555555555555,1.0,0.9377777777777778,1.0,0.9955555555555555,,
2340000,0.9199999999999999,0.9777777777777776,1.0,0.9955555555555555,0.96,0.9288888888888888,1.0,1.0,,
2350000,0.9199999999999999,0.9466666666666667,1.0,1.0,0.9199999999999999,0.96,1.0,0.9955555555555555,0.8,0.8577777777777778
2360000,1.0,0.96,1.0,0.9911111111111112,1.0,0.9377777777777776,1.0,0.96,,
2370000,1.0,0.9555555555555555,1.0,1.0,0.8800000000000001,0.9688888888888888,1.0,0.9911111111111112,,
2380000,1.0,0.9466666666666667,1.0,1.0,0.9199999999999999,0.9333333333333332,1.0,0.9955555555555555,,
2390000,1.0,0.9333333333333332,1.0,1.0,0.96,0.9511111111111111,1.0,0.9911111111111112,,
2400000,1.0,0.9688888888888888,1.0,1.0,0.8800000000000001,0.8577777777777778,1.0,0.9955555555555555,0.9199999999999999,0.9288888888888888
2410000,1.0,0.9422222222222221,1.0,0.9955555555555555,0.9199999999999999,0.8844444444444445,0.96,0.9911111111111112,,
2420000,0.9199999999999999,0.9377777777777778,1.0,0.9911111111111112,0.76,0.9111111111111111,0.96,0.9777777777777779,,
2430000,0.9199999999999999,0.9733333333333333,1.0,1.0,0.8400000000000001,0.9111111111111111,0.96,0.9911111111111112,,
2440000,0.9199999999999999,0.96,1.0,1.0,0.8800000000000001,0.9244444444444444,0.9199999999999999,0.9955555555555555,,
2450000,0.96,0.9777777777777776,1.0,1.0,0.9199999999999999,0.9111111111111111,0.96,0.9955555555555555,0.8400000000000001,0.8488888888888889
2460000,0.9199999999999999,0.9822222222222221,1.0,0.9911111111111112,1.0,0.9244444444444444,1.0,0.9911111111111112,,
2470000,1.0,0.9911111111111112,1.0,1.0,0.96,0.888888888888889,0.96,0.9911111111111112,,
2480000,0.96,0.9733333333333333,1.0,1.0,0.96,0.888888888888889,0.96,0.9777777777777776,,
2490000,0.96,0.9733333333333333,1.0,1.0,0.9199999999999999,0.9022222222222223,0.96,0.9511111111111111,,
2500000,0.9199999999999999,0.9733333333333333,1.0,0.9955555555555555,1.0,0.9155555555555555,0.96,0.9822222222222221,0.8400000000000001,0.8444444444444444
2510000,0.96,0.9644444444444444,1.0,1.0,0.96,0.8755555555555554,0.96,0.9511111111111111,,
2520000,0.9199999999999999,0.9377777777777778,1.0,1.0,0.96,0.8666666666666666,0.8400000000000001,0.9377777777777778,,
2530000,0.9199999999999999,0.9555555555555555,1.0,1.0,0.9199999999999999,0.8711111111111112,0.9199999999999999,0.9511111111111111,,
2540000,0.9199999999999999,0.96,1.0,0.9911111111111112,1.0,0.8666666666666666,1.0,0.9733333333333333,,
2550000,0.9199999999999999,0.9333333333333332,1.0,0.9955555555555555,0.9199999999999999,0.8844444444444445,0.96,0.9422222222222223,0.8800000000000001,0.888888888888889
2560000,0.9199999999999999,0.9244444444444444,0.96,0.9955555555555555,0.96,0.8800000000000001,1.0,0.9733333333333334,,
2570000,1.0,0.9466666666666667,1.0,1.0,0.8800000000000001,0.8800000000000001,0.96,0.9777777777777779,,
2580000,1.0,0.96,1.0,1.0,0.8400000000000001,0.8711111111111112,1.0,0.9866666666666667,,
2590000,0.96,0.9466666666666667,1.0,1.0,0.96,0.8533333333333333,1.0,0.9911111111111112,,
2600000,1.0,0.9555555555555555,1.0,1.0,0.8800000000000001,0.8800000000000001,1.0,0.9911111111111112,0.9199999999999999,0.8
2610000,0.96,0.9511111111111111,1.0,0.9955555555555555,0.8400000000000001,0.8711111111111111,1.0,0.9822222222222221,,
2620000,0.96,0.9377777777777778,1.0,1.0,0.72,0.8666666666666666,1.0,0.9733333333333333,,
2630000,0.9199999999999999,0.9066666666666666,1.0,1.0,0.8400000000000001,0.8622222222222222,1.0,0.9733333333333333,,
2640000,0.9199999999999999,0.9333333333333332,1.0,1.0,0.8,0.8488888888888889,1.0,0.9911111111111112,,
2650000,0.9199999999999999,0.9244444444444444,1.0,1.0,0.8400000000000001,0.8044444444444444,1.0,0.9866666666666667,0.72,0.8577777777777778
2660000,0.96,0.9111111111111111,1.0,0.9955555555555555,0.8,0.8488888888888889,0.9199999999999999,0.9777777777777779,,
2670000,0.9199999999999999,0.9199999999999999,1.0,1.0,0.9199999999999999,0.8311111111111111,0.96,0.9777777777777779,,
2680000,0.9199999999999999,0.9022222222222223,1.0,1.0,0.8,0.7822222222222222,0.96,0.9822222222222223,,
2690000,0.9199999999999999,0.9066666666666666,1.0,1.0,0.8,0.8088888888888889,1.0,0.9777777777777779,,
2700000,0.9199999999999999,0.9066666666666666,1.0,1.0,0.76,0.8400000000000001,0.96,0.9822222222222221,0.8400000000000001,0.8533333333333333
2710000,0.8400000000000001,0.9111111111111111,1.0,0.9911111111111112,0.8400000000000001,0.8,0.96,0.9777777777777776,,
2720000,0.8800000000000001,0.9333333333333332,1.0,0.9955555555555555,0.8800000000000001,0.7688888888888888,1.0,0.9822222222222223,,
2730000,0.9199999999999999,0.9288888888888888,1.0,0.9955555555555555,0.96,0.8533333333333333,1.0,0.9777777777777779,,
2740000,0.8800000000000001,0.9377777777777776,1.0,1.0,0.8400000000000001,0.8533333333333333,1.0,0.9777777777777776,,
2750000,0.8400000000000001,0.9288888888888888,1.0,1.0,0.9199999999999999,0.8577777777777778,1.0,0.9777777777777779,0.8800000000000001,0.8400000000000001
2760000,0.8400000000000001,0.9244444444444444,1.0,1.0,0.9199999999999999,0.8666666666666666,1.0,0.9822222222222223,,
2770000,0.8400000000000001,0.9066666666666666,1.0,0.9955555555555555,0.8400000000000001,0.8400000000000001,0.96,0.9733333333333333,,
2780000,0.8400000000000001,0.9333333333333332,1.0,0.9955555555555555,0.64,0.711111111111111,1.0,0.9911111111111112,,
2790000,0.8800000000000001,0.96,1.0,1.0,0.72,0.6977777777777777,1.0,0.9955555555555555,,
2800000,0.9199999999999999,0.9555555555555555,1.0,1.0,0.6799999999999999,0.6799999999999999,1.0,0.9955555555555555,0.8400000000000001,0.8355555555555554
2810000,0.8800000000000001,0.9377777777777778,1.0,1.0,0.52,0.5777777777777778,1.0,0.9911111111111112,,
2820000,0.9199999999999999,0.96,1.0,1.0,0.6,0.6577777777777778,1.0,0.9644444444444444,,
2830000,0.8800000000000001,0.9644444444444444,1.0,1.0,0.6,0.6222222222222221,1.0,0.9688888888888888,,
2840000,0.8800000000000001,0.9688888888888888,1.0,1.0,0.5599999999999999,0.6622222222222223,1.0,0.96,,
2850000,0.9199999999999999,0.9511111111111111,1.0,1.0,0.52,0.6,1.0,0.96,0.72,0.7777777777777777
2860000,0.96,0.9688888888888888,1.0,1.0,0.44000000000000006,0.6044444444444445,0.96,0.96,,
2870000,0.8800000000000001,0.9644444444444444,1.0,1.0,0.48,0.6088888888888888,0.96,0.9911111111111112,,
2880000,0.9199999999999999,0.9644444444444444,1.0,1.0,0.5599999999999999,0.6266666666666667,1.0,1.0,,
2890000,0.96,0.9688888888888888,1.0,1.0,0.44000000000000006,0.5866666666666667,1.0,0.9822222222222221,,
2900000,0.96,0.9644444444444444,1.0,1.0,0.36,0.5911111111111111,1.0,0.9911111111111112,0.68,0.7955555555555556
2910000,0.9199999999999999,0.9511111111111111,0.96,1.0,0.36,0.5822222222222223,1.0,0.9911111111111112,,
2920000,0.9199999999999999,0.9466666666666667,1.0,1.0,0.44000000000000006,0.6444444444444444,1.0,0.9911111111111112,,
2930000,0.96,0.9511111111111111,1.0,1.0,0.4,0.6444444444444445,1.0,0.9955555555555555,,
2940000,0.96,0.9466666666666667,1.0,1.0,0.44000000000000006,0.591111111111111,1.0,0.9866666666666667,,
2950000,0.8800000000000001,0.9555555555555555,1.0,1.0,0.44000000000000006,0.6666666666666667,1.0,0.9911111111111112,0.76,0.8533333333333333
2960000,0.9199999999999999,0.9555555555555555,1.0,1.0,0.44000000000000006,0.6311111111111111,1.0,0.9866666666666667,,
2970000,0.8800000000000001,0.9511111111111111,1.0,1.0,0.48,0.6622222222222222,1.0,0.9866666666666667,,
2980000,0.8400000000000001,0.9466666666666665,1.0,0.9955555555555555,0.5599999999999999,0.6711111111111111,1.0,0.9822222222222221,,
2990000,0.9199999999999999,0.96,1.0,0.9955555555555555,0.52,0.671111111111111,1.0,0.9955555555555555,,
3000000,0.8800000000000001,0.9555555555555555,1.0,0.9955555555555555,0.44000000000000006,0.6444444444444445,1.0,0.9911111111111112,0.72,0.7644444444444444
3010000,0.8800000000000001,0.9511111111111109,1.0,0.9955555555555555,0.4800000000000001,0.6799999999999999,1.0,0.9911111111111112,,
3020000,0.9199999999999999,0.9466666666666667,1.0,1.0,0.56,0.6755555555555555,1.0,0.9911111111111112,,
3030000,0.9199999999999999,0.9377777777777778,1.0,0.9955555555555555,0.4800000000000001,0.6577777777777778,0.96,1.0,,
3040000,1.0,0.9377777777777776,1.0,1.0,0.64,0.7155555555555555,0.96,0.9955555555555555,,
3050000,0.96,0.9422222222222223,1.0,0.9955555555555555,0.52,0.6933333333333334,0.9199999999999999,0.9911111111111112,0.76,0.7733333333333333
3060000,0.96,0.9333333333333333,0.96,1.0,0.64,0.7155555555555555,0.96,0.9955555555555555,,
3070000,0.96,0.9155555555555555,1.0,1.0,0.64,0.7066666666666667,1.0,0.9911111111111112,,
3080000,0.9199999999999999,0.9511111111111111,1.0,0.9955555555555555,0.72,0.7066666666666667,1.0,1.0,,
3090000,0.96,0.9511111111111111,0.96,0.9955555555555555,0.6799999999999999,0.6844444444444445,1.0,1.0,,
3100000,0.96,0.9511111111111111,1.0,1.0,0.64,0.6977777777777778,1.0,1.0,0.76,0.7511111111111111
3110000,0.96,0.96,0.96,1.0,0.72,0.7066666666666667,0.96,0.9955555555555555,,
3120000,0.96,0.9644444444444444,1.0,1.0,0.6799999999999999,0.6977777777777778,1.0,0.9955555555555555,,
3130000,0.96,0.9511111111111111,0.96,0.9955555555555555,0.72,0.6755555555555555,1.0,1.0,,
3140000,0.96,0.9422222222222221,0.96,0.9911111111111112,0.6799999999999999,0.7066666666666667,1.0,0.9866666666666667,,
3150000,0.9199999999999999,0.9288888888888888,1.0,0.9955555555555555,0.6799999999999999,0.6977777777777778,1.0,0.9777777777777779,0.76,0.7822222222222222
3160000,0.8800000000000001,0.9111111111111111,1.0,1.0,0.64,0.6888888888888889,1.0,0.9866666666666667,,
3170000,0.8800000000000001,0.9155555555555555,1.0,1.0,0.72,0.7066666666666667,1.0,0.9866666666666667,,
3180000,0.9199999999999999,0.9466666666666665,1.0,1.0,0.72,0.671111111111111,1.0,0.9733333333333333,,
3190000,0.9199999999999999,0.9288888888888888,1.0,1.0,0.72,0.7155555555555555,1.0,0.9688888888888888,,
3200000,0.9199999999999999,0.9288888888888888,1.0,1.0,0.8,0.6755555555555556,0.96,0.9244444444444444,0.76,0.7288888888888889
3210000,0.8800000000000001,0.9022222222222223,1.0,1.0,0.6799999999999999,0.6622222222222222,1.0,0.9466666666666667,,
3220000,0.96,0.9466666666666667,1.0,1.0,0.72,0.6488888888888888,1.0,0.9955555555555555,,
3230000,0.96,0.9377777777777776,1.0,1.0,0.8,0.6711111111111111,1.0,0.9866666666666667,,
3240000,0.9199999999999999,0.9466666666666667,1.0,1.0,0.8,0.711111111111111,1.0,0.9955555555555555,,
3250000,0.9199999999999999,0.9466666666666665,1.0,1.0,0.8,0.6977777777777778,1.0,0.9866666666666667,0.8,0.7288888888888889
3260000,0.8800000000000001,0.9466666666666667,0.96,1.0,0.8400000000000001,0.72,1.0,0.9911111111111112,,
3270000,0.8800000000000001,0.9422222222222221,1.0,1.0,0.8,0.6844444444444445,1.0,0.9822222222222223,,
3280000,0.9199999999999999,0.9244444444444444,1.0,1.0,0.64,0.6577777777777778,1.0,1.0,,
3290000,0.96,0.9511111111111111,0.96,1.0,0.6,0.6666666666666666,1.0,1.0,,
3300000,0.96,0.9377777777777778,1.0,1.0,0.64,0.6355555555555555,1.0,0.9822222222222221,0.8800000000000001,0.7866666666666667
3310000,0.96,0.9422222222222221,0.96,0.9955555555555555,0.72,0.7022222222222222,1.0,0.9911111111111112,,
3320000,0.9199999999999999,0.9022222222222223,1.0,1.0,0.64,0.7022222222222222,0.96,0.9911111111111112,,
3330000,0.9199999999999999,0.9111111111111111,1.0,1.0,0.72,0.7155555555555555,1.0,0.9644444444444444,,
3340000,0.96,0.9244444444444444,1.0,0.9911111111111112,0.6799999999999999,0.7022222222222222,1.0,0.9511111111111111,,
3350000,0.96,0.9422222222222223,1.0,1.0,0.64,0.6666666666666667,1.0,0.9822222222222221,0.8800000000000001,0.7644444444444444
3360000,0.96,0.9422222222222223,1.0,0.9955555555555555,0.6,0.6799999999999999,1.0,0.9644444444444444,,
3370000,1.0,0.9422222222222223,1.0,1.0,0.8,0.6977777777777778,1.0,0.9511111111111111,,
3380000,0.96,0.9511111111111111,0.96,1.0,0.8400000000000001,0.7333333333333333,1.0,0.9733333333333334,,
3390000,1.0,0.9466666666666667,1.0,0.9955555555555555,0.8400000000000001,0.7333333333333334,0.96,0.928888888888889,,
3400000,0.96,0.9111111111111111,1.0,0.9955555555555555,0.8800000000000001,0.7333333333333333,0.96,0.9511111111111111,0.9199999999999999,0.8088888888888889
3410000,0.9199999999999999,0.9066666666666666,1.0,0.9822222222222221,0.8,0.7422222222222221,1.0,0.9422222222222223,,
3420000,0.9199999999999999,0.9155555555555555,0.96,0.9733333333333333,0.8800000000000001,0.76,0.96,0.9422222222222223,,
3430000,0.96,0.9288888888888888,1.0,0.9866666666666667,0.72,0.7333333333333333,1.0,0.9599999999999997,,
3440000,1.0,0.9288888888888888,1.0,0.9955555555555555,0.72,0.7466666666666667,1.0,0.9644444444444444,,
3450000,0.96,0.9288888888888888,1.0,1.0,0.76,0.7511111111111111,0.96,0.9555555555555555,0.8400000000000001,0.8133333333333332
3460000,0.9199999999999999,0.9111111111111111,1.0,0.9866666666666667,0.72,0.7466666666666667,0.96,0.9688888888888888,,
3470000,1.0,0.9288888888888888,1.0,1.0,0.72,0.7288888888888889,0.96,0.9777777777777779,,
3480000,0.9199999999999999,0.9511111111111111,1.0,0.9955555555555555,0.8,0.7644444444444444,1.0,0.9777777777777776,,
3490000,0.9199999999999999,0.9466666666666665,1.0,0.9955555555555555,0.8400000000000001,0.7244444444444444,1.0,0.9866666666666667,,
3500000,0.96,0.9422222222222221,1.0,0.9911111111111112,0.72,0.7066666666666667,0.96,0.9955555555555555,0.64,0.6933333333333334
3510000,1.0,0.9688888888888888,1.0,0.9955555555555555,0.64,0.6977777777777778,1.0,1.0,,
3520000,1.0,0.9644444444444444,1.0,0.9955555555555555,0.8,0.72,0.9199999999999999,0.9955555555555555,,
3530000,1.0,0.96,1.0,0.9955555555555555,0.8400000000000001,0.7511111111111111,0.9199999999999999,0.9911111111111112,,
3540000,0.96,0.9644444444444444,1.0,0.9911111111111112,0.76,0.7066666666666667,0.9199999999999999,0.9911111111111112,,
3550000,1.0,0.9466666666666667,1.0,0.9822222222222223,0.76,0.7777777777777777,1.0,0.9866666666666667,0.6799999999999999,0.8044444444444444
3560000,1.0,0.96,1.0,0.9911111111111112,0.72,0.7466666666666667,1.0,0.9955555555555555,,
3570000,1.0,0.9688888888888888,1.0,1.0,0.8,0.7777777777777778,0.9199999999999999,0.9911111111111112,,
3580000,0.96,0.968888888888889,0.96,1.0,0.76,0.7777777777777778,0.9199999999999999,0.9822222222222221,,
3590000,0.96,0.96,1.0,0.9955555555555555,0.6799999999999999,0.7644444444444444,0.9199999999999999,0.9822222222222221,,
3600000,0.96,0.9555555555555555,1.0,1.0,0.6799999999999999,0.76,0.9199999999999999,0.9777777777777779,0.76,0.8222222222222222
3610000,1.0,0.9511111111111109,0.96,0.9955555555555555,0.8,0.768888888888889,0.96,0.9911111111111112,,
3620000,1.0,0.9333333333333332,0.96,0.9955555555555555,0.76,0.7688888888888888,0.96,0.9955555555555555,,
3630000,1.0,0.9511111111111109,0.96,0.9955555555555555,0.76,0.7244444444444444,0.96,0.9955555555555555,,
3640000,1.0,0.9555555555555554,1.0,1.0,0.72,0.7511111111111111,1.0,0.9777777777777776,,
3650000,1.0,0.9555555555555555,0.96,0.9955555555555555,0.72,0.7288888888888889,0.96,0.9777777777777779,0.8,0.7688888888888888
3660000,0.96,0.9733333333333334,1.0,1.0,0.72,0.711111111111111,1.0,0.9777777777777776,,
3670000,1.0,0.9777777777777779,1.0,0.9866666666666667,0.72,0.7466666666666666,1.0,0.9866666666666667,,
3680000,1.0,0.9644444444444444,0.9199999999999999,0.9911111111111112,0.76,0.7466666666666667,1.0,0.9822222222222221,,
3690000,1.0,0.9777777777777779,0.9199999999999999,0.9866666666666667,0.64,0.7688888888888888,0.96,0.9911111111111112,,
3700000,1.0,0.9733333333333333,0.9199999999999999,0.9866666666666667,0.68,0.6844444444444444,1.0,0.9866666666666667,0.64,0.6444444444444445
3710000,0.96,0.9688888888888888,0.9199999999999999,0.9822222222222223,0.64,0.6933333333333334,1.0,0.9733333333333333,,
3720000,0.96,0.9555555555555555,0.9199999999999999,0.9866666666666667,0.72,0.6844444444444445,1.0,0.9777777777777776,,
3730000,0.8800000000000001,0.9511111111111111,0.96,0.9866666666666667,0.64,0.7066666666666667,1.0,0.9911111111111112,,
3740000,0.8800000000000001,0.9377777777777776,0.96,0.9955555555555555,0.6,0.6666666666666666,1.0,0.9866666666666666,,
3750000,0.9199999999999999,0.9733333333333334,0.96,0.9955555555555555,0.64,0.6711111111111111,1.0,0.9822222222222221,0.5599999999999999,0.6933333333333334
3760000,0.96,0.9822222222222221,0.96,0.9911111111111112,0.6799999999999999,0.6933333333333334,1.0,0.9866666666666666,,
3770000,1.0,0.9688888888888888,1.0,0.9911111111111112,0.72,0.6488888888888888,1.0,0.9866666666666667,,
3780000,0.96,0.9466666666666665,1.0,0.9955555555555555,0.64,0.64,1.0,0.9866666666666666,,
3790000,0.96,0.9644444444444444,1.0,1.0,0.6,0.5822222222222222,1.0,0.9911111111111112,,
3800000,1.0,0.96,1.0,1.0,0.64,0.6266666666666667,1.0,0.9777777777777776,0.72,0.72
3810000,0.96,0.9733333333333334,1.0,1.0,0.72,0.5911111111111111,1.0,0.9911111111111112,,
3820000,0.96,0.9644444444444444,1.0,1.0,0.6,0.6133333333333334,1.0,0.9688888888888888,,
3830000,1.0,0.9466666666666667,1.0,1.0,0.6,0.6755555555555556,1.0,0.9866666666666667,,
3840000,1.0,0.9511111111111111,1.0,1.0,0.44000000000000006,0.64,1.0,0.9777777777777776,,
3850000,0.96,0.9644444444444444,1.0,1.0,0.6799999999999999,0.6222222222222222,1.0,0.9733333333333333,0.76,0.76
3860000,0.96,0.9422222222222223,1.0,1.0,0.64,0.5866666666666667,1.0,0.9822222222222221,,
3870000,0.96,0.9422222222222223,1.0,1.0,0.4,0.6222222222222222,1.0,0.9911111111111112,,
3880000,0.96,0.96,1.0,1.0,0.56,0.6177777777777778,0.96,0.9777777777777779,,
3890000,0.96,0.9555555555555555,1.0,1.0,0.52,0.6,1.0,0.9822222222222221,,
3900000,0.96,0.9377777777777778,1.0,1.0,0.64,0.5955555555555556,1.0,0.9866666666666667,0.68,0.7155555555555556
3910000,0.96,0.9377777777777776,1.0,0.9955555555555555,0.6,0.5777777777777777,0.96,0.9866666666666667,,
3920000,1.0,0.9377777777777776,1.0,0.9955555555555555,0.64,0.6355555555555557,0.9199999999999999,1.0,,
3930000,0.96,0.928888888888889,1.0,0.9866666666666667,0.52,0.6622222222222222,0.96,0.9955555555555555,,
3940000,0.96,0.9422222222222221,0.96,0.9911111111111112,0.6,0.6666666666666667,1.0,0.9866666666666667,,
3950000,0.96,0.9688888888888888,1.0,0.9955555555555555,0.72,0.6844444444444444,1.0,0.9777777777777779,0.8400000000000001,0.7911111111111111
3960000,0.96,0.96,1.0,1.0,0.72,0.6977777777777778,0.8800000000000001,0.9733333333333334,,
3970000,0.96,0.9466666666666667,1.0,1.0,0.64,0.6666666666666666,0.9199999999999999,0.9377777777777778,,
3980000,0.96,0.9466666666666667,1.0,0.9955555555555555,0.64,0.6177777777777778,0.8800000000000001,0.9511111111111111,,
3990000,0.96,0.96,1.0,1.0,0.6,0.6666666666666666,0.96,0.9866666666666667,,
4000000,1.0,0.96,1.0,0.9955555555555555,0.6799999999999999,0.6977777777777778,0.8800000000000001,0.9644444444444444,0.8,0.8311111111111111
4010000,1.0,0.9733333333333333,1.0,0.9955555555555555,0.6799999999999999,0.6844444444444445,0.96,0.9866666666666667,,
4020000,0.9199999999999999,0.96,1.0,0.9955555555555555,0.64,0.6444444444444445,1.0,0.9911111111111112,,
4030000,1.0,0.9777777777777776,1.0,0.9911111111111112,0.5599999999999999,0.6355555555555557,1.0,0.9911111111111112,,
4040000,0.9199999999999999,0.9644444444444444,1.0,0.9866666666666667,0.5599999999999999,0.6355555555555555,1.0,0.9822222222222221,,
4050000,0.9199999999999999,0.9777777777777776,1.0,0.9866666666666667,0.56,0.6222222222222222,1.0,0.9555555555555555,0.9199999999999999,0.8
4060000,0.96,0.9733333333333333,1.0,0.9911111111111112,0.64,0.64,1.0,0.9733333333333333,,
4070000,0.96,0.9733333333333333,1.0,1.0,0.6,0.7022222222222222,1.0,0.9777777777777776,,
4080000,1.0,0.96,1.0,1.0,0.64,0.7244444444444443,1.0,0.9777777777777776,,
4090000,1.0,0.9733333333333333,1.0,0.9955555555555555,0.72,0.7333333333333333,1.0,0.9911111111111112,,
4100000,0.96,0.9822222222222221,1.0,1.0,0.8400000000000001,0.7288888888888889,1.0,0.9866666666666667,0.8,0.72
4110000,1.0,0.9733333333333333,1.0,1.0,0.72,0.6844444444444444,1.0,0.9911111111111112,,
4120000,0.96,0.9555555555555555,1.0,1.0,0.68,0.7022222222222222,1.0,0.9733333333333333,,
4130000,0.96,0.9688888888888888,1.0,1.0,0.64,0.7022222222222222,1.0,0.9866666666666667,,
4140000,0.8800000000000001,0.9644444444444444,1.0,1.0,0.64,0.6844444444444444,1.0,0.9911111111111112,,
4150000,0.9199999999999999,0.9688888888888888,1.0,1.0,0.56,0.6533333333333333,0.96,0.9955555555555555,0.8400000000000001,0.7822222222222222
4160000,1.0,0.96,1.0,1.0,0.6,0.6444444444444445,0.96,0.9911111111111112,,
4170000,0.96,0.9422222222222223,1.0,0.9955555555555555,0.72,0.6755555555555556,1.0,0.9955555555555555,,
4180000,1.0,0.9288888888888888,1.0,1.0,0.6799999999999999,0.6444444444444445,0.96,0.9955555555555555,,
4190000,0.96,0.9466666666666667,1.0,1.0,0.6799999999999999,0.6755555555555556,0.96,0.9911111111111112,,
4200000,0.96,0.9022222222222223,1.0,1.0,0.6799999999999999,0.6266666666666667,0.96,0.9644444444444444,0.76,0.7511111111111111
4210000,1.0,0.9511111111111111,1.0,1.0,0.6,0.6444444444444445,1.0,0.9955555555555555,,
4220000,0.96,0.9333333333333333,1.0,1.0,0.72,0.6488888888888888,1.0,0.9911111111111112,,
4230000,0.96,0.9466666666666667,1.0,1.0,0.72,0.6577777777777778,1.0,0.9911111111111112,,
4240000,0.96,0.9244444444444444,1.0,1.0,0.72,0.6888888888888889,1.0,0.9955555555555555,,
4250000,0.9199999999999999,0.9555555555555555,1.0,0.9955555555555555,0.64,0.6711111111111111,1.0,0.9911111111111112,0.8,0.7466666666666667
4260000,0.96,0.9511111111111111,1.0,1.0,0.6799999999999999,0.6622222222222222,1.0,0.9644444444444444,,
4270000,0.9199999999999999,0.9555555555555555,1.0,1.0,0.6799999999999999,0.6577777777777778,1.0,0.9511111111111111,,
4280000,0.96,0.9555555555555555,1.0,1.0,0.6,0.6133333333333333,1.0,0.9822222222222223,,
4290000,0.96,0.9688888888888888,1.0,0.9955555555555555,0.68,0.6444444444444445,1.0,0.9911111111111112,,
4300000,1.0,0.9733333333333334,1.0,1.0,0.6,0.6577777777777778,1.0,0.9822222222222223,0.8,0.7022222222222222
4310000,1.0,0.96,1.0,1.0,0.64,0.6622222222222222,1.0,0.9777777777777779,,
4320000,1.0,0.96,1.0,1.0,0.76,0.6844444444444444,1.0,0.9777777777777779,,
4330000,0.96,0.9555555555555555,1.0,1.0,0.72,0.6533333333333333,1.0,0.9733333333333333,,
4340000,0.9199999999999999,0.96,1.0,1.0,0.64,0.6222222222222221,1.0,0.9822222222222221,,
4350000,0.96,0.96,1.0,1.0,0.64,0.6488888888888888,1.0,0.9644444444444444,0.72,0.711111111111111
4360000,0.96,0.96,1.0,1.0,0.6,0.6844444444444444,0.96,0.96,,
4370000,1.0,0.9688888888888888,1.0,1.0,0.64,0.6711111111111111,1.0,0.9733333333333334,,
4380000,0.9199999999999999,0.9422222222222223,1.0,1.0,0.6,0.6711111111111111,1.0,0.9822222222222221,,
4390000,0.8800000000000001,0.9244444444444444,1.0,1.0,0.6799999999999999,0.6844444444444444,1.0,0.9733333333333333,,
4400000,0.9199999999999999,0.9111111111111111,1.0,1.0,0.68,0.6622222222222222,1.0,0.9911111111111112,0.76,0.7333333333333333
4410000,0.96,0.9244444444444444,1.0,1.0,0.68,0.6533333333333333,1.0,0.9955555555555555,,
4420000,0.8800000000000001,0.9555555555555554,1.0,1.0,0.5599999999999999,0.6355555555555555,1.0,0.9866666666666667,,
4430000,0.9199999999999999,0.9466666666666667,1.0,1.0,0.72,0.6533333333333333,1.0,0.9733333333333333,,
4440000,0.8800000000000001,0.9377777777777776,1.0,1.0,0.6,0.6622222222222222,0.96,0.9822222222222221,,
4450000,0.8400000000000001,0.9422222222222223,1.0,1.0,0.6799999999999999,0.6622222222222222,0.8800000000000001,0.96,0.8400000000000001,0.6355555555555555
4460000,0.8800000000000001,0.9244444444444445,1.0,0.9955555555555555,0.6,0.6355555555555555,0.8800000000000001,0.9777777777777776,,
4470000,0.8800000000000001,0.9333333333333332,1.0,0.9911111111111112,0.6799999999999999,0.6311111111111111,1.0,0.9733333333333333,,
4480000,0.96,0.9244444444444445,1.0,0.9911111111111112,0.6,0.6533333333333333,0.96,0.9777777777777776,,
4490000,0.9199999999999999,0.96,1.0,1.0,0.5599999999999999,0.6222222222222221,0.9199999999999999,0.9466666666666667,,
4500000,0.8800000000000001,0.9511111111111109,1.0,1.0,0.4800000000000001,0.5688888888888888,0.9199999999999999,0.9688888888888888,0.72,0.6933333333333332
4510000,0.8800000000000001,0.9422222222222223,1.0,1.0,0.4800000000000001,0.5911111111111111,1.0,0.9822222222222223,,
4520000,0.9199999999999999,0.96,1.0,1.0,0.5599999999999999,0.5911111111111111,1.0,0.9688888888888888,,
4530000,0.8400000000000001,0.9555555555555555,1.0,1.0,0.64,0.6088888888888888,0.96,0.9688888888888888,,
4540000,0.8400000000000001,0.96,1.0,1.0,0.44000000000000006,0.5777777777777777,0.9199999999999999,0.9688888888888888,,
4550000,0.8400000000000001,0.9511111111111111,1.0,1.0,0.52,0.5377777777777778,0.8800000000000001,0.9422222222222223,0.72,0.5377777777777778
4560000,0.8400000000000001,0.9288888888888888,1.0,1.0,0.48,0.5688888888888888,0.9199999999999999,0.9688888888888888,,
4570000,0.8800000000000001,0.9244444444444444,1.0,1.0,0.6,0.6088888888888888,0.96,0.9822222222222221,,
4580000,0.8800000000000001,0.9155555555555555,1.0,1.0,0.48,0.6133333333333333,0.9199999999999999,0.9822222222222223,,
4590000,0.8800000000000001,0.9155555555555555,1.0,1.0,0.44000000000000006,0.6222222222222222,0.9199999999999999,0.9911111111111112,,
4600000,0.8400000000000001,0.9199999999999999,1.0,1.0,0.44000000000000006,0.5866666666666667,0.8800000000000001,0.9777777777777779,0.52,0.5688888888888888
4610000,0.8400000000000001,0.9111111111111111,1.0,1.0,0.48,0.5644444444444445,1.0,0.9822222222222223,,
4620000,0.8,0.9200000000000002,1.0,1.0,0.52,0.5599999999999999,1.0,0.9866666666666667,,
4630000,0.9199999999999999,0.9155555555555555,0.96,1.0,0.44000000000000006,0.5822222222222222,0.9199999999999999,0.9911111111111112,,
4640000,0.8800000000000001,0.9288888888888888,0.96,1.0,0.44000000000000006,0.5422222222222223,0.8800000000000001,0.9866666666666667,,
4650000,0.9199999999999999,0.9377777777777778,1.0,1.0,0.36,0.5288888888888889,0.96,1.0,0.5599999999999999,0.5422222222222223
4660000,0.96,0.9511111111111111,1.0,1.0,0.48,0.5688888888888889,1.0,0.9911111111111112,,
4670000,0.8800000000000001,0.9466666666666665,1.0,1.0,0.48,0.5377777777777777,0.96,0.9866666666666667,,
4680000,0.8800000000000001,0.9733333333333333,1.0,1.0,0.6,0.5688888888888888,1.0,0.9955555555555555,,
4690000,0.96,0.9688888888888888,1.0,0.9955555555555555,0.5599999999999999,0.4844444444444444,0.96,0.9955555555555555,,
4700000,0.9199999999999999,0.9866666666666666,1.0,0.9955555555555555,0.4800000000000001,0.49777777777777776,0.96,0.9911111111111112,0.52,0.5866666666666667
4710000,0.9199999999999999,0.9688888888888888,1.0,1.0,0.5599999999999999,0.49777777777777776,0.96,0.9911111111111112,,
4720000,0.96,0.9866666666666666,1.0,0.9955555555555555,0.6,0.5688888888888889,1.0,0.9955555555555555,,
4730000,0.96,0.9777777777777776,1.0,0.9911111111111112,0.5599999999999999,0.5688888888888889,1.0,0.9688888888888888,,
4740000,0.9199999999999999,0.9866666666666667,1.0,0.9955555555555555,0.5599999999999999,0.5599999999999999,0.96,0.9777777777777779,,
4750000,0.9199999999999999,0.9688888888888888,1.0,1.0,0.6,0.5822222222222222,1.0,0.9911111111111112,0.5599999999999999,0.5155555555555555
4760000,0.96,0.9555555555555555,1.0,1.0,0.6,0.5822222222222222,1.0,0.9777777777777776,,
4770000,0.96,0.96,1.0,1.0,0.48,0.5777777777777777,0.96,1.0,,
4780000,1.0,0.9155555555555555,1.0,1.0,0.48,0.47555555555555556,1.0,1.0,,
4790000,0.9199999999999999,0.9466666666666667,1.0,0.9955555555555555,0.4,0.5022222222222222,1.0,0.9911111111111112,,
4800000,0.96,0.9199999999999999,1.0,1.0,0.36,0.5066666666666666,1.0,0.9955555555555555,0.48,0.4933333333333333
4810000,0.8800000000000001,0.9377777777777776,1.0,1.0,0.4800000000000001,0.49333333333333335,1.0,0.9955555555555555,,
4820000,0.9199999999999999,0.9333333333333333,1.0,1.0,0.4,0.5422222222222223,1.0,0.9955555555555555,,
4830000,0.96,0.9288888888888888,1.0,1.0,0.44000000000000006,0.5066666666666666,1.0,0.9911111111111112,,
4840000,0.96,0.9511111111111111,1.0,1.0,0.36,0.4888888888888888,1.0,0.9777777777777779,,
4850000,0.96,0.9466666666666667,1.0,1.0,0.36,0.4844444444444444,0.96,0.9911111111111112,0.5599999999999999,0.5511111111111111
4860000,0.96,0.9377777777777776,1.0,1.0,0.36,0.4888888888888888,1.0,0.9955555555555555,,
4870000,0.96,0.9377777777777776,1.0,1.0,0.52,0.4844444444444444,1.0,0.9955555555555555,,
4880000,0.96,0.928888888888889,1.0,1.0,0.44000000000000006,0.49777777777777776,1.0,0.9911111111111112,,
4890000,0.96,0.9333333333333333,1.0,1.0,0.44000000000000006,0.5066666666666666,1.0,0.9911111111111112,,
4900000,1.0,0.9244444444444445,1.0,0.9955555555555555,0.52,0.4533333333333333,1.0,0.9866666666666666,0.4800000000000001,0.5511111111111111
4910000,0.96,0.9199999999999999,1.0,1.0,0.48,0.5111111111111111,1.0,0.9866666666666667,,
4920000,0.96,0.9333333333333332,1.0,1.0,0.4,0.4133333333333333,0.9199999999999999,0.9777777777777779,,
4930000,0.96,0.9422222222222221,1.0,0.9955555555555555,0.44000000000000006,0.48,0.96,0.9644444444444445,,
4940000,0.9199999999999999,0.9511111111111111,1.0,1.0,0.4800000000000001,0.5199999999999999,0.96,1.0,,
4950000,0.96,0.9555555555555555,1.0,1.0,0.52,0.5288888888888889,1.0,0.9911111111111112,0.6,0.5733333333333334
4960000,0.96,0.9644444444444444,1.0,1.0,0.52,0.4844444444444444,1.0,0.9955555555555555,,
4970000,1.0,0.9511111111111109,1.0,1.0,0.44000000000000006,0.5155555555555555,0.96,0.9955555555555555,,
4980000,0.96,0.96,1.0,1.0,0.4,0.5066666666666666,1.0,1.0,,
4990000,0.96,0.96,1.0,1.0,0.44000000000000006,0.4888888888888888,1.0,0.9777777777777779,,
5000000,0.96,0.9511111111111111,1.0,0.9955555555555555,0.64,0.5777777777777777,1.0,0.9866666666666667,0.36,0.5733333333333333
